ISO-10303-21;
HEADER;
/* Generated by software containing ST-Developer
 * from STEP Tools, Inc. (www.steptools.com) 
 */

FILE_DESCRIPTION(
/* description */ (''),
/* implementation_level */ '2;1');

FILE_NAME(
/* name */ 'top_magnet holder.step',
/* time_stamp */ '2026-08-05T22:15:53+05:30',
/* author */ (''),
/* organization */ (''),
/* preprocessor_version */ 'ST-DEVELOPER v20.1',
/* originating_system */ 'Autodesk Translation Framework v15.8.0.0',
/* authorisation */ '');

FILE_SCHEMA (('AUTOMOTIVE_DESIGN { 1 0 10303 214 3 1 1 }'));
ENDSEC;

DATA;
#10=MECHANICAL_DESIGN_GEOMETRIC_PRESENTATION_REPRESENTATION('',(#13,#14,
#15,#16,#17,#18,#19,#20,#21,#22,#23,#24,#25),#5288);
#11=SHAPE_REPRESENTATION_RELATIONSHIP('SRR','None',#5295,#12);
#12=ADVANCED_BREP_SHAPE_REPRESENTATION('',(#26,#27,#28,#29,#30,#31,#32,
#33,#34,#35,#36,#37,#38),#5287);
#13=STYLED_ITEM('',(#5304),#26);
#14=STYLED_ITEM('',(#5304),#27);
#15=STYLED_ITEM('',(#5304),#28);
#16=STYLED_ITEM('',(#5304),#29);
#17=STYLED_ITEM('',(#5304),#30);
#18=STYLED_ITEM('',(#5304),#31);
#19=STYLED_ITEM('',(#5304),#32);
#20=STYLED_ITEM('',(#5304),#33);
#21=STYLED_ITEM('',(#5304),#34);
#22=STYLED_ITEM('',(#5305),#35);
#23=STYLED_ITEM('',(#5305),#36);
#24=STYLED_ITEM('',(#5305),#37);
#25=STYLED_ITEM('',(#5305),#38);
#26=MANIFOLD_SOLID_BREP('Body3',#3069);
#27=MANIFOLD_SOLID_BREP('Body4',#3070);
#28=MANIFOLD_SOLID_BREP('Body5',#3071);
#29=MANIFOLD_SOLID_BREP('Body6',#3072);
#30=MANIFOLD_SOLID_BREP('Body7',#3073);
#31=MANIFOLD_SOLID_BREP('Body8',#3074);
#32=MANIFOLD_SOLID_BREP('Body9',#3075);
#33=MANIFOLD_SOLID_BREP('Body10',#3076);
#34=MANIFOLD_SOLID_BREP('Body11',#3077);
#35=MANIFOLD_SOLID_BREP('Body12',#3078);
#36=MANIFOLD_SOLID_BREP('Body13',#3079);
#37=MANIFOLD_SOLID_BREP('Body14',#3080);
#38=MANIFOLD_SOLID_BREP('Body15',#3081);
#39=FACE_BOUND('',#329,.T.);
#40=FACE_BOUND('',#331,.T.);
#41=FACE_BOUND('',#338,.T.);
#42=FACE_BOUND('',#340,.T.);
#43=FACE_BOUND('',#347,.T.);
#44=FACE_BOUND('',#349,.T.);
#45=FACE_BOUND('',#426,.T.);
#46=FACE_BOUND('',#427,.T.);
#47=FACE_BOUND('',#428,.T.);
#48=FACE_BOUND('',#429,.T.);
#49=FACE_BOUND('',#430,.T.);
#50=FACE_BOUND('',#431,.T.);
#51=FACE_BOUND('',#432,.T.);
#52=FACE_BOUND('',#433,.T.);
#53=FACE_BOUND('',#434,.T.);
#54=FACE_BOUND('',#469,.T.);
#55=FACE_BOUND('',#470,.T.);
#56=FACE_BOUND('',#471,.T.);
#57=FACE_BOUND('',#472,.T.);
#58=FACE_BOUND('',#473,.T.);
#59=FACE_BOUND('',#474,.T.);
#60=FACE_BOUND('',#475,.T.);
#61=FACE_BOUND('',#476,.T.);
#62=FACE_BOUND('',#477,.T.);
#63=PLANE('',#3098);
#64=PLANE('',#3099);
#65=PLANE('',#3100);
#66=PLANE('',#3101);
#67=PLANE('',#3102);
#68=PLANE('',#3103);
#69=PLANE('',#3104);
#70=PLANE('',#3108);
#71=PLANE('',#3109);
#72=PLANE('',#3110);
#73=PLANE('',#3111);
#74=PLANE('',#3112);
#75=PLANE('',#3113);
#76=PLANE('',#3117);
#77=PLANE('',#3118);
#78=PLANE('',#3119);
#79=PLANE('',#3120);
#80=PLANE('',#3121);
#81=PLANE('',#3122);
#82=PLANE('',#3123);
#83=PLANE('',#3124);
#84=PLANE('',#3128);
#85=PLANE('',#3129);
#86=PLANE('',#3130);
#87=PLANE('',#3131);
#88=PLANE('',#3132);
#89=PLANE('',#3133);
#90=PLANE('',#3134);
#91=PLANE('',#3138);
#92=PLANE('',#3139);
#93=PLANE('',#3140);
#94=PLANE('',#3141);
#95=PLANE('',#3142);
#96=PLANE('',#3143);
#97=PLANE('',#3144);
#98=PLANE('',#3145);
#99=PLANE('',#3149);
#100=PLANE('',#3150);
#101=PLANE('',#3151);
#102=PLANE('',#3152);
#103=PLANE('',#3153);
#104=PLANE('',#3154);
#105=PLANE('',#3155);
#106=PLANE('',#3156);
#107=PLANE('',#3160);
#108=PLANE('',#3161);
#109=PLANE('',#3162);
#110=PLANE('',#3163);
#111=PLANE('',#3164);
#112=PLANE('',#3168);
#113=PLANE('',#3169);
#114=PLANE('',#3170);
#115=PLANE('',#3171);
#116=PLANE('',#3172);
#117=PLANE('',#3176);
#118=PLANE('',#3177);
#119=PLANE('',#3178);
#120=PLANE('',#3179);
#121=PLANE('',#3180);
#122=PLANE('',#3181);
#123=PLANE('',#3182);
#124=PLANE('',#3183);
#125=PLANE('',#3184);
#126=PLANE('',#3186);
#127=PLANE('',#3189);
#128=PLANE('',#3190);
#129=PLANE('',#3191);
#130=PLANE('',#3192);
#131=PLANE('',#3193);
#132=PLANE('',#3194);
#133=PLANE('',#3198);
#134=PLANE('',#3199);
#135=PLANE('',#3200);
#136=PLANE('',#3201);
#137=PLANE('',#3202);
#138=PLANE('',#3203);
#139=PLANE('',#3204);
#140=PLANE('',#3205);
#141=PLANE('',#3206);
#142=PLANE('',#3207);
#143=PLANE('',#3208);
#144=PLANE('',#3210);
#145=PLANE('',#3213);
#146=PLANE('',#3214);
#147=PLANE('',#3215);
#148=PLANE('',#3216);
#149=PLANE('',#3356);
#150=FACE_OUTER_BOUND('',#322,.T.);
#151=FACE_OUTER_BOUND('',#323,.T.);
#152=FACE_OUTER_BOUND('',#324,.T.);
#153=FACE_OUTER_BOUND('',#325,.T.);
#154=FACE_OUTER_BOUND('',#326,.T.);
#155=FACE_OUTER_BOUND('',#327,.T.);
#156=FACE_OUTER_BOUND('',#328,.T.);
#157=FACE_OUTER_BOUND('',#330,.T.);
#158=FACE_OUTER_BOUND('',#332,.T.);
#159=FACE_OUTER_BOUND('',#333,.T.);
#160=FACE_OUTER_BOUND('',#334,.T.);
#161=FACE_OUTER_BOUND('',#335,.T.);
#162=FACE_OUTER_BOUND('',#336,.T.);
#163=FACE_OUTER_BOUND('',#337,.T.);
#164=FACE_OUTER_BOUND('',#339,.T.);
#165=FACE_OUTER_BOUND('',#341,.T.);
#166=FACE_OUTER_BOUND('',#342,.T.);
#167=FACE_OUTER_BOUND('',#343,.T.);
#168=FACE_OUTER_BOUND('',#344,.T.);
#169=FACE_OUTER_BOUND('',#345,.T.);
#170=FACE_OUTER_BOUND('',#346,.T.);
#171=FACE_OUTER_BOUND('',#348,.T.);
#172=FACE_OUTER_BOUND('',#350,.T.);
#173=FACE_OUTER_BOUND('',#351,.T.);
#174=FACE_OUTER_BOUND('',#352,.T.);
#175=FACE_OUTER_BOUND('',#353,.T.);
#176=FACE_OUTER_BOUND('',#354,.T.);
#177=FACE_OUTER_BOUND('',#355,.T.);
#178=FACE_OUTER_BOUND('',#356,.T.);
#179=FACE_OUTER_BOUND('',#357,.T.);
#180=FACE_OUTER_BOUND('',#358,.T.);
#181=FACE_OUTER_BOUND('',#359,.T.);
#182=FACE_OUTER_BOUND('',#360,.T.);
#183=FACE_OUTER_BOUND('',#361,.T.);
#184=FACE_OUTER_BOUND('',#362,.T.);
#185=FACE_OUTER_BOUND('',#363,.T.);
#186=FACE_OUTER_BOUND('',#364,.T.);
#187=FACE_OUTER_BOUND('',#365,.T.);
#188=FACE_OUTER_BOUND('',#366,.T.);
#189=FACE_OUTER_BOUND('',#367,.T.);
#190=FACE_OUTER_BOUND('',#368,.T.);
#191=FACE_OUTER_BOUND('',#369,.T.);
#192=FACE_OUTER_BOUND('',#370,.T.);
#193=FACE_OUTER_BOUND('',#371,.T.);
#194=FACE_OUTER_BOUND('',#372,.T.);
#195=FACE_OUTER_BOUND('',#373,.T.);
#196=FACE_OUTER_BOUND('',#374,.T.);
#197=FACE_OUTER_BOUND('',#375,.T.);
#198=FACE_OUTER_BOUND('',#376,.T.);
#199=FACE_OUTER_BOUND('',#377,.T.);
#200=FACE_OUTER_BOUND('',#378,.T.);
#201=FACE_OUTER_BOUND('',#379,.T.);
#202=FACE_OUTER_BOUND('',#380,.T.);
#203=FACE_OUTER_BOUND('',#381,.T.);
#204=FACE_OUTER_BOUND('',#382,.T.);
#205=FACE_OUTER_BOUND('',#383,.T.);
#206=FACE_OUTER_BOUND('',#384,.T.);
#207=FACE_OUTER_BOUND('',#385,.T.);
#208=FACE_OUTER_BOUND('',#386,.T.);
#209=FACE_OUTER_BOUND('',#387,.T.);
#210=FACE_OUTER_BOUND('',#388,.T.);
#211=FACE_OUTER_BOUND('',#389,.T.);
#212=FACE_OUTER_BOUND('',#390,.T.);
#213=FACE_OUTER_BOUND('',#391,.T.);
#214=FACE_OUTER_BOUND('',#392,.T.);
#215=FACE_OUTER_BOUND('',#393,.T.);
#216=FACE_OUTER_BOUND('',#394,.T.);
#217=FACE_OUTER_BOUND('',#395,.T.);
#218=FACE_OUTER_BOUND('',#396,.T.);
#219=FACE_OUTER_BOUND('',#397,.T.);
#220=FACE_OUTER_BOUND('',#398,.T.);
#221=FACE_OUTER_BOUND('',#399,.T.);
#222=FACE_OUTER_BOUND('',#400,.T.);
#223=FACE_OUTER_BOUND('',#401,.T.);
#224=FACE_OUTER_BOUND('',#402,.T.);
#225=FACE_OUTER_BOUND('',#403,.T.);
#226=FACE_OUTER_BOUND('',#404,.T.);
#227=FACE_OUTER_BOUND('',#405,.T.);
#228=FACE_OUTER_BOUND('',#406,.T.);
#229=FACE_OUTER_BOUND('',#407,.T.);
#230=FACE_OUTER_BOUND('',#408,.T.);
#231=FACE_OUTER_BOUND('',#409,.T.);
#232=FACE_OUTER_BOUND('',#410,.T.);
#233=FACE_OUTER_BOUND('',#411,.T.);
#234=FACE_OUTER_BOUND('',#412,.T.);
#235=FACE_OUTER_BOUND('',#413,.T.);
#236=FACE_OUTER_BOUND('',#414,.T.);
#237=FACE_OUTER_BOUND('',#415,.T.);
#238=FACE_OUTER_BOUND('',#416,.T.);
#239=FACE_OUTER_BOUND('',#417,.T.);
#240=FACE_OUTER_BOUND('',#418,.T.);
#241=FACE_OUTER_BOUND('',#419,.T.);
#242=FACE_OUTER_BOUND('',#420,.T.);
#243=FACE_OUTER_BOUND('',#421,.T.);
#244=FACE_OUTER_BOUND('',#422,.T.);
#245=FACE_OUTER_BOUND('',#423,.T.);
#246=FACE_OUTER_BOUND('',#424,.T.);
#247=FACE_OUTER_BOUND('',#425,.T.);
#248=FACE_OUTER_BOUND('',#435,.T.);
#249=FACE_OUTER_BOUND('',#436,.T.);
#250=FACE_OUTER_BOUND('',#437,.T.);
#251=FACE_OUTER_BOUND('',#438,.T.);
#252=FACE_OUTER_BOUND('',#439,.T.);
#253=FACE_OUTER_BOUND('',#440,.T.);
#254=FACE_OUTER_BOUND('',#441,.T.);
#255=FACE_OUTER_BOUND('',#442,.T.);
#256=FACE_OUTER_BOUND('',#443,.T.);
#257=FACE_OUTER_BOUND('',#444,.T.);
#258=FACE_OUTER_BOUND('',#445,.T.);
#259=FACE_OUTER_BOUND('',#446,.T.);
#260=FACE_OUTER_BOUND('',#447,.T.);
#261=FACE_OUTER_BOUND('',#448,.T.);
#262=FACE_OUTER_BOUND('',#449,.T.);
#263=FACE_OUTER_BOUND('',#450,.T.);
#264=FACE_OUTER_BOUND('',#451,.T.);
#265=FACE_OUTER_BOUND('',#452,.T.);
#266=FACE_OUTER_BOUND('',#453,.T.);
#267=FACE_OUTER_BOUND('',#454,.T.);
#268=FACE_OUTER_BOUND('',#455,.T.);
#269=FACE_OUTER_BOUND('',#456,.T.);
#270=FACE_OUTER_BOUND('',#457,.T.);
#271=FACE_OUTER_BOUND('',#458,.T.);
#272=FACE_OUTER_BOUND('',#459,.T.);
#273=FACE_OUTER_BOUND('',#460,.T.);
#274=FACE_OUTER_BOUND('',#461,.T.);
#275=FACE_OUTER_BOUND('',#462,.T.);
#276=FACE_OUTER_BOUND('',#463,.T.);
#277=FACE_OUTER_BOUND('',#464,.T.);
#278=FACE_OUTER_BOUND('',#465,.T.);
#279=FACE_OUTER_BOUND('',#466,.T.);
#280=FACE_OUTER_BOUND('',#467,.T.);
#281=FACE_OUTER_BOUND('',#468,.T.);
#282=FACE_OUTER_BOUND('',#478,.T.);
#283=FACE_OUTER_BOUND('',#479,.T.);
#284=FACE_OUTER_BOUND('',#480,.T.);
#285=FACE_OUTER_BOUND('',#481,.T.);
#286=FACE_OUTER_BOUND('',#482,.T.);
#287=FACE_OUTER_BOUND('',#483,.T.);
#288=FACE_OUTER_BOUND('',#484,.T.);
#289=FACE_OUTER_BOUND('',#485,.T.);
#290=FACE_OUTER_BOUND('',#486,.T.);
#291=FACE_OUTER_BOUND('',#487,.T.);
#292=FACE_OUTER_BOUND('',#488,.T.);
#293=FACE_OUTER_BOUND('',#489,.T.);
#294=FACE_OUTER_BOUND('',#490,.T.);
#295=FACE_OUTER_BOUND('',#491,.T.);
#296=FACE_OUTER_BOUND('',#492,.T.);
#297=FACE_OUTER_BOUND('',#493,.T.);
#298=FACE_OUTER_BOUND('',#494,.T.);
#299=FACE_OUTER_BOUND('',#495,.T.);
#300=FACE_OUTER_BOUND('',#496,.T.);
#301=FACE_OUTER_BOUND('',#497,.T.);
#302=FACE_OUTER_BOUND('',#498,.T.);
#303=FACE_OUTER_BOUND('',#499,.T.);
#304=FACE_OUTER_BOUND('',#500,.T.);
#305=FACE_OUTER_BOUND('',#501,.T.);
#306=FACE_OUTER_BOUND('',#502,.T.);
#307=FACE_OUTER_BOUND('',#503,.T.);
#308=FACE_OUTER_BOUND('',#504,.T.);
#309=FACE_OUTER_BOUND('',#505,.T.);
#310=FACE_OUTER_BOUND('',#506,.T.);
#311=FACE_OUTER_BOUND('',#507,.T.);
#312=FACE_OUTER_BOUND('',#508,.T.);
#313=FACE_OUTER_BOUND('',#509,.T.);
#314=FACE_OUTER_BOUND('',#510,.T.);
#315=FACE_OUTER_BOUND('',#511,.T.);
#316=FACE_OUTER_BOUND('',#512,.T.);
#317=FACE_OUTER_BOUND('',#513,.T.);
#318=FACE_OUTER_BOUND('',#514,.T.);
#319=FACE_OUTER_BOUND('',#515,.T.);
#320=FACE_OUTER_BOUND('',#516,.T.);
#321=FACE_OUTER_BOUND('',#517,.T.);
#322=EDGE_LOOP('',(#1942,#1943,#1944,#1945));
#323=EDGE_LOOP('',(#1946,#1947,#1948,#1949));
#324=EDGE_LOOP('',(#1950,#1951,#1952,#1953));
#325=EDGE_LOOP('',(#1954,#1955,#1956,#1957));
#326=EDGE_LOOP('',(#1958,#1959,#1960,#1961));
#327=EDGE_LOOP('',(#1962,#1963,#1964,#1965));
#328=EDGE_LOOP('',(#1966,#1967,#1968,#1969,#1970));
#329=EDGE_LOOP('',(#1971));
#330=EDGE_LOOP('',(#1972,#1973,#1974,#1975,#1976));
#331=EDGE_LOOP('',(#1977));
#332=EDGE_LOOP('',(#1978,#1979,#1980,#1981));
#333=EDGE_LOOP('',(#1982,#1983,#1984,#1985));
#334=EDGE_LOOP('',(#1986,#1987,#1988,#1989));
#335=EDGE_LOOP('',(#1990,#1991,#1992,#1993));
#336=EDGE_LOOP('',(#1994,#1995,#1996,#1997));
#337=EDGE_LOOP('',(#1998,#1999,#2000,#2001));
#338=EDGE_LOOP('',(#2002));
#339=EDGE_LOOP('',(#2003,#2004,#2005,#2006));
#340=EDGE_LOOP('',(#2007));
#341=EDGE_LOOP('',(#2008,#2009,#2010,#2011));
#342=EDGE_LOOP('',(#2012,#2013,#2014,#2015));
#343=EDGE_LOOP('',(#2016,#2017,#2018,#2019));
#344=EDGE_LOOP('',(#2020,#2021,#2022,#2023));
#345=EDGE_LOOP('',(#2024,#2025,#2026,#2027));
#346=EDGE_LOOP('',(#2028,#2029,#2030,#2031));
#347=EDGE_LOOP('',(#2032));
#348=EDGE_LOOP('',(#2033,#2034,#2035,#2036));
#349=EDGE_LOOP('',(#2037));
#350=EDGE_LOOP('',(#2038,#2039,#2040,#2041));
#351=EDGE_LOOP('',(#2042,#2043,#2044,#2045));
#352=EDGE_LOOP('',(#2046,#2047,#2048,#2049));
#353=EDGE_LOOP('',(#2050,#2051,#2052,#2053));
#354=EDGE_LOOP('',(#2054,#2055,#2056,#2057));
#355=EDGE_LOOP('',(#2058,#2059,#2060,#2061));
#356=EDGE_LOOP('',(#2062,#2063,#2064));
#357=EDGE_LOOP('',(#2065,#2066,#2067,#2068));
#358=EDGE_LOOP('',(#2069,#2070,#2071,#2072));
#359=EDGE_LOOP('',(#2073,#2074,#2075,#2076,#2077,#2078));
#360=EDGE_LOOP('',(#2079,#2080,#2081,#2082,#2083));
#361=EDGE_LOOP('',(#2084,#2085,#2086,#2087));
#362=EDGE_LOOP('',(#2088,#2089,#2090,#2091));
#363=EDGE_LOOP('',(#2092,#2093,#2094,#2095));
#364=EDGE_LOOP('',(#2096,#2097,#2098,#2099,#2100,#2101));
#365=EDGE_LOOP('',(#2102,#2103,#2104));
#366=EDGE_LOOP('',(#2105,#2106,#2107,#2108));
#367=EDGE_LOOP('',(#2109,#2110,#2111,#2112));
#368=EDGE_LOOP('',(#2113,#2114,#2115,#2116,#2117,#2118));
#369=EDGE_LOOP('',(#2119,#2120,#2121,#2122,#2123));
#370=EDGE_LOOP('',(#2124,#2125,#2126,#2127));
#371=EDGE_LOOP('',(#2128,#2129,#2130,#2131));
#372=EDGE_LOOP('',(#2132,#2133,#2134,#2135));
#373=EDGE_LOOP('',(#2136,#2137,#2138,#2139,#2140,#2141));
#374=EDGE_LOOP('',(#2142,#2143,#2144));
#375=EDGE_LOOP('',(#2145,#2146,#2147,#2148));
#376=EDGE_LOOP('',(#2149,#2150,#2151,#2152));
#377=EDGE_LOOP('',(#2153,#2154,#2155,#2156,#2157,#2158));
#378=EDGE_LOOP('',(#2159,#2160,#2161,#2162,#2163));
#379=EDGE_LOOP('',(#2164,#2165,#2166,#2167));
#380=EDGE_LOOP('',(#2168,#2169,#2170,#2171));
#381=EDGE_LOOP('',(#2172,#2173,#2174,#2175));
#382=EDGE_LOOP('',(#2176,#2177,#2178,#2179,#2180,#2181));
#383=EDGE_LOOP('',(#2182,#2183,#2184,#2185));
#384=EDGE_LOOP('',(#2186,#2187,#2188,#2189));
#385=EDGE_LOOP('',(#2190,#2191,#2192,#2193));
#386=EDGE_LOOP('',(#2194,#2195,#2196,#2197));
#387=EDGE_LOOP('',(#2198,#2199,#2200,#2201));
#388=EDGE_LOOP('',(#2202,#2203,#2204,#2205));
#389=EDGE_LOOP('',(#2206,#2207,#2208,#2209));
#390=EDGE_LOOP('',(#2210,#2211,#2212,#2213));
#391=EDGE_LOOP('',(#2214,#2215,#2216,#2217));
#392=EDGE_LOOP('',(#2218,#2219,#2220,#2221));
#393=EDGE_LOOP('',(#2222,#2223,#2224,#2225));
#394=EDGE_LOOP('',(#2226,#2227,#2228,#2229));
#395=EDGE_LOOP('',(#2230,#2231,#2232,#2233,#2234,#2235));
#396=EDGE_LOOP('',(#2236,#2237,#2238,#2239));
#397=EDGE_LOOP('',(#2240,#2241,#2242,#2243));
#398=EDGE_LOOP('',(#2244,#2245,#2246,#2247,#2248,#2249));
#399=EDGE_LOOP('',(#2250,#2251,#2252,#2253,#2254,#2255));
#400=EDGE_LOOP('',(#2256,#2257,#2258,#2259));
#401=EDGE_LOOP('',(#2260,#2261,#2262,#2263));
#402=EDGE_LOOP('',(#2264,#2265,#2266,#2267,#2268,#2269));
#403=EDGE_LOOP('',(#2270,#2271,#2272,#2273));
#404=EDGE_LOOP('',(#2274,#2275,#2276,#2277));
#405=EDGE_LOOP('',(#2278,#2279,#2280,#2281));
#406=EDGE_LOOP('',(#2282,#2283,#2284,#2285));
#407=EDGE_LOOP('',(#2286,#2287,#2288,#2289,#2290,#2291));
#408=EDGE_LOOP('',(#2292,#2293,#2294,#2295));
#409=EDGE_LOOP('',(#2296,#2297,#2298,#2299));
#410=EDGE_LOOP('',(#2300,#2301,#2302,#2303,#2304,#2305));
#411=EDGE_LOOP('',(#2306,#2307,#2308,#2309,#2310,#2311));
#412=EDGE_LOOP('',(#2312,#2313,#2314,#2315));
#413=EDGE_LOOP('',(#2316,#2317,#2318,#2319));
#414=EDGE_LOOP('',(#2320,#2321,#2322,#2323,#2324,#2325));
#415=EDGE_LOOP('',(#2326,#2327,#2328,#2329,#2330,#2331));
#416=EDGE_LOOP('',(#2332,#2333,#2334,#2335));
#417=EDGE_LOOP('',(#2336,#2337,#2338,#2339));
#418=EDGE_LOOP('',(#2340,#2341,#2342,#2343,#2344,#2345));
#419=EDGE_LOOP('',(#2346,#2347,#2348,#2349,#2350,#2351));
#420=EDGE_LOOP('',(#2352,#2353,#2354,#2355));
#421=EDGE_LOOP('',(#2356,#2357,#2358,#2359));
#422=EDGE_LOOP('',(#2360,#2361,#2362,#2363,#2364,#2365));
#423=EDGE_LOOP('',(#2366,#2367,#2368,#2369));
#424=EDGE_LOOP('',(#2370,#2371,#2372,#2373));
#425=EDGE_LOOP('',(#2374));
#426=EDGE_LOOP('',(#2375,#2376,#2377,#2378,#2379,#2380,#2381,#2382,#2383,
#2384,#2385,#2386,#2387,#2388,#2389,#2390,#2391,#2392,#2393,#2394,#2395,
#2396));
#427=EDGE_LOOP('',(#2397,#2398,#2399,#2400,#2401,#2402,#2403,#2404,#2405,
#2406,#2407,#2408,#2409,#2410,#2411,#2412,#2413,#2414,#2415,#2416,#2417,
#2418));
#428=EDGE_LOOP('',(#2419,#2420,#2421,#2422,#2423,#2424,#2425,#2426,#2427,
#2428,#2429,#2430,#2431,#2432,#2433,#2434,#2435,#2436,#2437,#2438,#2439,
#2440));
#429=EDGE_LOOP('',(#2441));
#430=EDGE_LOOP('',(#2442));
#431=EDGE_LOOP('',(#2443));
#432=EDGE_LOOP('',(#2444));
#433=EDGE_LOOP('',(#2445));
#434=EDGE_LOOP('',(#2446));
#435=EDGE_LOOP('',(#2447,#2448,#2449,#2450));
#436=EDGE_LOOP('',(#2451,#2452,#2453,#2454));
#437=EDGE_LOOP('',(#2455,#2456,#2457,#2458));
#438=EDGE_LOOP('',(#2459,#2460,#2461,#2462));
#439=EDGE_LOOP('',(#2463,#2464,#2465,#2466));
#440=EDGE_LOOP('',(#2467,#2468,#2469,#2470));
#441=EDGE_LOOP('',(#2471,#2472,#2473,#2474));
#442=EDGE_LOOP('',(#2475,#2476,#2477,#2478));
#443=EDGE_LOOP('',(#2479,#2480,#2481,#2482));
#444=EDGE_LOOP('',(#2483,#2484,#2485,#2486));
#445=EDGE_LOOP('',(#2487,#2488,#2489,#2490));
#446=EDGE_LOOP('',(#2491,#2492,#2493,#2494));
#447=EDGE_LOOP('',(#2495,#2496,#2497,#2498));
#448=EDGE_LOOP('',(#2499,#2500,#2501,#2502));
#449=EDGE_LOOP('',(#2503,#2504,#2505,#2506));
#450=EDGE_LOOP('',(#2507,#2508,#2509,#2510));
#451=EDGE_LOOP('',(#2511,#2512,#2513,#2514));
#452=EDGE_LOOP('',(#2515,#2516,#2517,#2518));
#453=EDGE_LOOP('',(#2519,#2520,#2521,#2522));
#454=EDGE_LOOP('',(#2523,#2524,#2525,#2526));
#455=EDGE_LOOP('',(#2527,#2528,#2529,#2530));
#456=EDGE_LOOP('',(#2531,#2532,#2533,#2534));
#457=EDGE_LOOP('',(#2535,#2536,#2537,#2538));
#458=EDGE_LOOP('',(#2539,#2540,#2541,#2542));
#459=EDGE_LOOP('',(#2543,#2544,#2545,#2546));
#460=EDGE_LOOP('',(#2547,#2548,#2549,#2550));
#461=EDGE_LOOP('',(#2551,#2552,#2553,#2554));
#462=EDGE_LOOP('',(#2555,#2556,#2557,#2558));
#463=EDGE_LOOP('',(#2559,#2560,#2561,#2562));
#464=EDGE_LOOP('',(#2563,#2564,#2565,#2566));
#465=EDGE_LOOP('',(#2567,#2568,#2569,#2570));
#466=EDGE_LOOP('',(#2571,#2572,#2573,#2574));
#467=EDGE_LOOP('',(#2575,#2576,#2577,#2578));
#468=EDGE_LOOP('',(#2579));
#469=EDGE_LOOP('',(#2580,#2581,#2582,#2583,#2584,#2585,#2586,#2587,#2588,
#2589,#2590,#2591,#2592,#2593,#2594,#2595,#2596,#2597,#2598,#2599,#2600,
#2601));
#470=EDGE_LOOP('',(#2602,#2603,#2604,#2605,#2606,#2607,#2608,#2609,#2610,
#2611,#2612,#2613,#2614,#2615,#2616,#2617,#2618,#2619,#2620,#2621,#2622,
#2623));
#471=EDGE_LOOP('',(#2624,#2625,#2626,#2627,#2628,#2629,#2630,#2631,#2632,
#2633,#2634,#2635,#2636,#2637,#2638,#2639,#2640,#2641,#2642,#2643,#2644,
#2645));
#472=EDGE_LOOP('',(#2646));
#473=EDGE_LOOP('',(#2647));
#474=EDGE_LOOP('',(#2648));
#475=EDGE_LOOP('',(#2649));
#476=EDGE_LOOP('',(#2650));
#477=EDGE_LOOP('',(#2651));
#478=EDGE_LOOP('',(#2652,#2653,#2654,#2655));
#479=EDGE_LOOP('',(#2656,#2657,#2658,#2659));
#480=EDGE_LOOP('',(#2660,#2661,#2662,#2663));
#481=EDGE_LOOP('',(#2664,#2665,#2666,#2667));
#482=EDGE_LOOP('',(#2668,#2669,#2670,#2671));
#483=EDGE_LOOP('',(#2672,#2673,#2674,#2675));
#484=EDGE_LOOP('',(#2676,#2677,#2678,#2679));
#485=EDGE_LOOP('',(#2680,#2681,#2682,#2683));
#486=EDGE_LOOP('',(#2684,#2685,#2686,#2687));
#487=EDGE_LOOP('',(#2688,#2689,#2690,#2691));
#488=EDGE_LOOP('',(#2692,#2693,#2694,#2695));
#489=EDGE_LOOP('',(#2696,#2697,#2698,#2699));
#490=EDGE_LOOP('',(#2700,#2701,#2702,#2703));
#491=EDGE_LOOP('',(#2704,#2705,#2706,#2707));
#492=EDGE_LOOP('',(#2708,#2709,#2710,#2711));
#493=EDGE_LOOP('',(#2712,#2713,#2714,#2715));
#494=EDGE_LOOP('',(#2716,#2717,#2718,#2719));
#495=EDGE_LOOP('',(#2720,#2721,#2722,#2723));
#496=EDGE_LOOP('',(#2724,#2725,#2726,#2727));
#497=EDGE_LOOP('',(#2728,#2729,#2730,#2731));
#498=EDGE_LOOP('',(#2732,#2733,#2734,#2735));
#499=EDGE_LOOP('',(#2736,#2737,#2738,#2739));
#500=EDGE_LOOP('',(#2740,#2741,#2742,#2743));
#501=EDGE_LOOP('',(#2744,#2745,#2746,#2747));
#502=EDGE_LOOP('',(#2748,#2749,#2750,#2751));
#503=EDGE_LOOP('',(#2752,#2753,#2754,#2755));
#504=EDGE_LOOP('',(#2756,#2757,#2758,#2759));
#505=EDGE_LOOP('',(#2760,#2761,#2762,#2763));
#506=EDGE_LOOP('',(#2764,#2765,#2766,#2767));
#507=EDGE_LOOP('',(#2768,#2769,#2770,#2771));
#508=EDGE_LOOP('',(#2772,#2773,#2774,#2775));
#509=EDGE_LOOP('',(#2776,#2777,#2778,#2779));
#510=EDGE_LOOP('',(#2780,#2781,#2782,#2783));
#511=EDGE_LOOP('',(#2784,#2785,#2786,#2787));
#512=EDGE_LOOP('',(#2788,#2789,#2790,#2791));
#513=EDGE_LOOP('',(#2792,#2793,#2794,#2795));
#514=EDGE_LOOP('',(#2796,#2797,#2798,#2799));
#515=EDGE_LOOP('',(#2800,#2801,#2802,#2803));
#516=EDGE_LOOP('',(#2804,#2805,#2806,#2807));
#517=EDGE_LOOP('',(#2808,#2809,#2810,#2811));
#518=LINE('',#4393,#783);
#519=LINE('',#4398,#784);
#520=LINE('',#4400,#785);
#521=LINE('',#4402,#786);
#522=LINE('',#4403,#787);
#523=LINE('',#4406,#788);
#524=LINE('',#4408,#789);
#525=LINE('',#4409,#790);
#526=LINE('',#4412,#791);
#527=LINE('',#4414,#792);
#528=LINE('',#4415,#793);
#529=LINE('',#4418,#794);
#530=LINE('',#4420,#795);
#531=LINE('',#4421,#796);
#532=LINE('',#4423,#797);
#533=LINE('',#4424,#798);
#534=LINE('',#4431,#799);
#535=LINE('',#4436,#800);
#536=LINE('',#4438,#801);
#537=LINE('',#4440,#802);
#538=LINE('',#4441,#803);
#539=LINE('',#4444,#804);
#540=LINE('',#4446,#805);
#541=LINE('',#4447,#806);
#542=LINE('',#4450,#807);
#543=LINE('',#4452,#808);
#544=LINE('',#4453,#809);
#545=LINE('',#4455,#810);
#546=LINE('',#4456,#811);
#547=LINE('',#4463,#812);
#548=LINE('',#4468,#813);
#549=LINE('',#4470,#814);
#550=LINE('',#4472,#815);
#551=LINE('',#4473,#816);
#552=LINE('',#4476,#817);
#553=LINE('',#4478,#818);
#554=LINE('',#4479,#819);
#555=LINE('',#4482,#820);
#556=LINE('',#4484,#821);
#557=LINE('',#4485,#822);
#558=LINE('',#4487,#823);
#559=LINE('',#4488,#824);
#560=LINE('',#4494,#825);
#561=LINE('',#4496,#826);
#562=LINE('',#4498,#827);
#563=LINE('',#4499,#828);
#564=LINE('',#4502,#829);
#565=LINE('',#4504,#830);
#566=LINE('',#4505,#831);
#567=LINE('',#4511,#832);
#568=LINE('',#4513,#833);
#569=LINE('',#4514,#834);
#570=LINE('',#4520,#835);
#571=LINE('',#4522,#836);
#572=LINE('',#4523,#837);
#573=LINE('',#4527,#838);
#574=LINE('',#4528,#839);
#575=LINE('',#4529,#840);
#576=LINE('',#4532,#841);
#577=LINE('',#4533,#842);
#578=LINE('',#4536,#843);
#579=LINE('',#4538,#844);
#580=LINE('',#4540,#845);
#581=LINE('',#4541,#846);
#582=LINE('',#4547,#847);
#583=LINE('',#4550,#848);
#584=LINE('',#4552,#849);
#585=LINE('',#4553,#850);
#586=LINE('',#4555,#851);
#587=LINE('',#4556,#852);
#588=LINE('',#4562,#853);
#589=LINE('',#4564,#854);
#590=LINE('',#4565,#855);
#591=LINE('',#4569,#856);
#592=LINE('',#4570,#857);
#593=LINE('',#4571,#858);
#594=LINE('',#4574,#859);
#595=LINE('',#4575,#860);
#596=LINE('',#4578,#861);
#597=LINE('',#4580,#862);
#598=LINE('',#4582,#863);
#599=LINE('',#4583,#864);
#600=LINE('',#4589,#865);
#601=LINE('',#4592,#866);
#602=LINE('',#4594,#867);
#603=LINE('',#4595,#868);
#604=LINE('',#4597,#869);
#605=LINE('',#4598,#870);
#606=LINE('',#4604,#871);
#607=LINE('',#4606,#872);
#608=LINE('',#4607,#873);
#609=LINE('',#4611,#874);
#610=LINE('',#4612,#875);
#611=LINE('',#4613,#876);
#612=LINE('',#4616,#877);
#613=LINE('',#4617,#878);
#614=LINE('',#4620,#879);
#615=LINE('',#4622,#880);
#616=LINE('',#4624,#881);
#617=LINE('',#4625,#882);
#618=LINE('',#4631,#883);
#619=LINE('',#4634,#884);
#620=LINE('',#4636,#885);
#621=LINE('',#4637,#886);
#622=LINE('',#4639,#887);
#623=LINE('',#4640,#888);
#624=LINE('',#4646,#889);
#625=LINE('',#4648,#890);
#626=LINE('',#4650,#891);
#627=LINE('',#4651,#892);
#628=LINE('',#4657,#893);
#629=LINE('',#4660,#894);
#630=LINE('',#4662,#895);
#631=LINE('',#4663,#896);
#632=LINE('',#4665,#897);
#633=LINE('',#4666,#898);
#634=LINE('',#4672,#899);
#635=LINE('',#4674,#900);
#636=LINE('',#4676,#901);
#637=LINE('',#4677,#902);
#638=LINE('',#4683,#903);
#639=LINE('',#4686,#904);
#640=LINE('',#4688,#905);
#641=LINE('',#4689,#906);
#642=LINE('',#4691,#907);
#643=LINE('',#4692,#908);
#644=LINE('',#4698,#909);
#645=LINE('',#4700,#910);
#646=LINE('',#4702,#911);
#647=LINE('',#4704,#912);
#648=LINE('',#4706,#913);
#649=LINE('',#4707,#914);
#650=LINE('',#4710,#915);
#651=LINE('',#4712,#916);
#652=LINE('',#4713,#917);
#653=LINE('',#4716,#918);
#654=LINE('',#4718,#919);
#655=LINE('',#4719,#920);
#656=LINE('',#4723,#921);
#657=LINE('',#4725,#922);
#658=LINE('',#4726,#923);
#659=LINE('',#4727,#924);
#660=LINE('',#4731,#925);
#661=LINE('',#4733,#926);
#662=LINE('',#4734,#927);
#663=LINE('',#4738,#928);
#664=LINE('',#4740,#929);
#665=LINE('',#4742,#930);
#666=LINE('',#4748,#931);
#667=LINE('',#4750,#932);
#668=LINE('',#4752,#933);
#669=LINE('',#4753,#934);
#670=LINE('',#4757,#935);
#671=LINE('',#4759,#936);
#672=LINE('',#4761,#937);
#673=LINE('',#4762,#938);
#674=LINE('',#4765,#939);
#675=LINE('',#4767,#940);
#676=LINE('',#4769,#941);
#677=LINE('',#4771,#942);
#678=LINE('',#4772,#943);
#679=LINE('',#4778,#944);
#680=LINE('',#4781,#945);
#681=LINE('',#4782,#946);
#682=LINE('',#4784,#947);
#683=LINE('',#4785,#948);
#684=LINE('',#4788,#949);
#685=LINE('',#4789,#950);
#686=LINE('',#4791,#951);
#687=LINE('',#4793,#952);
#688=LINE('',#4798,#953);
#689=LINE('',#4800,#954);
#690=LINE('',#4802,#955);
#691=LINE('',#4804,#956);
#692=LINE('',#4806,#957);
#693=LINE('',#4807,#958);
#694=LINE('',#4810,#959);
#695=LINE('',#4812,#960);
#696=LINE('',#4813,#961);
#697=LINE('',#4816,#962);
#698=LINE('',#4818,#963);
#699=LINE('',#4819,#964);
#700=LINE('',#4823,#965);
#701=LINE('',#4825,#966);
#702=LINE('',#4826,#967);
#703=LINE('',#4827,#968);
#704=LINE('',#4831,#969);
#705=LINE('',#4833,#970);
#706=LINE('',#4834,#971);
#707=LINE('',#4837,#972);
#708=LINE('',#4840,#973);
#709=LINE('',#4842,#974);
#710=LINE('',#4994,#975);
#711=LINE('',#4997,#976);
#712=LINE('',#5000,#977);
#713=LINE('',#5004,#978);
#714=LINE('',#5008,#979);
#715=LINE('',#5012,#980);
#716=LINE('',#5016,#981);
#717=LINE('',#5020,#982);
#718=LINE('',#5024,#983);
#719=LINE('',#5028,#984);
#720=LINE('',#5032,#985);
#721=LINE('',#5036,#986);
#722=LINE('',#5040,#987);
#723=LINE('',#5043,#988);
#724=LINE('',#5046,#989);
#725=LINE('',#5050,#990);
#726=LINE('',#5054,#991);
#727=LINE('',#5058,#992);
#728=LINE('',#5062,#993);
#729=LINE('',#5066,#994);
#730=LINE('',#5070,#995);
#731=LINE('',#5074,#996);
#732=LINE('',#5078,#997);
#733=LINE('',#5082,#998);
#734=LINE('',#5086,#999);
#735=LINE('',#5089,#1000);
#736=LINE('',#5092,#1001);
#737=LINE('',#5096,#1002);
#738=LINE('',#5100,#1003);
#739=LINE('',#5104,#1004);
#740=LINE('',#5108,#1005);
#741=LINE('',#5112,#1006);
#742=LINE('',#5116,#1007);
#743=LINE('',#5120,#1008);
#744=LINE('',#5124,#1009);
#745=LINE('',#5128,#1010);
#746=LINE('',#5209,#1011);
#747=LINE('',#5211,#1012);
#748=LINE('',#5212,#1013);
#749=LINE('',#5214,#1014);
#750=LINE('',#5216,#1015);
#751=LINE('',#5217,#1016);
#752=LINE('',#5219,#1017);
#753=LINE('',#5221,#1018);
#754=LINE('',#5223,#1019);
#755=LINE('',#5225,#1020);
#756=LINE('',#5227,#1021);
#757=LINE('',#5228,#1022);
#758=LINE('',#5231,#1023);
#759=LINE('',#5232,#1024);
#760=LINE('',#5234,#1025);
#761=LINE('',#5236,#1026);
#762=LINE('',#5238,#1027);
#763=LINE('',#5240,#1028);
#764=LINE('',#5242,#1029);
#765=LINE('',#5244,#1030);
#766=LINE('',#5246,#1031);
#767=LINE('',#5249,#1032);
#768=LINE('',#5251,#1033);
#769=LINE('',#5253,#1034);
#770=LINE('',#5255,#1035);
#771=LINE('',#5257,#1036);
#772=LINE('',#5261,#1037);
#773=LINE('',#5263,#1038);
#774=LINE('',#5265,#1039);
#775=LINE('',#5267,#1040);
#776=LINE('',#5269,#1041);
#777=LINE('',#5273,#1042);
#778=LINE('',#5275,#1043);
#779=LINE('',#5277,#1044);
#780=LINE('',#5279,#1045);
#781=LINE('',#5281,#1046);
#782=LINE('',#5284,#1047);
#783=VECTOR('',#3443,2.4);
#784=VECTOR('',#3448,10.);
#785=VECTOR('',#3449,10.);
#786=VECTOR('',#3450,10.);
#787=VECTOR('',#3451,10.);
#788=VECTOR('',#3454,10.);
#789=VECTOR('',#3455,10.);
#790=VECTOR('',#3456,10.);
#791=VECTOR('',#3459,10.);
#792=VECTOR('',#3460,10.);
#793=VECTOR('',#3461,10.);
#794=VECTOR('',#3464,10.);
#795=VECTOR('',#3465,10.);
#796=VECTOR('',#3466,10.);
#797=VECTOR('',#3469,10.);
#798=VECTOR('',#3470,10.);
#799=VECTOR('',#3479,2.4);
#800=VECTOR('',#3484,10.);
#801=VECTOR('',#3485,10.);
#802=VECTOR('',#3486,10.);
#803=VECTOR('',#3487,10.);
#804=VECTOR('',#3490,10.);
#805=VECTOR('',#3491,10.);
#806=VECTOR('',#3492,10.);
#807=VECTOR('',#3495,10.);
#808=VECTOR('',#3496,10.);
#809=VECTOR('',#3497,10.);
#810=VECTOR('',#3500,10.);
#811=VECTOR('',#3501,10.);
#812=VECTOR('',#3510,2.4);
#813=VECTOR('',#3515,10.);
#814=VECTOR('',#3516,10.);
#815=VECTOR('',#3517,10.);
#816=VECTOR('',#3518,10.);
#817=VECTOR('',#3521,10.);
#818=VECTOR('',#3522,10.);
#819=VECTOR('',#3523,10.);
#820=VECTOR('',#3526,10.);
#821=VECTOR('',#3527,10.);
#822=VECTOR('',#3528,10.);
#823=VECTOR('',#3531,10.);
#824=VECTOR('',#3532,10.);
#825=VECTOR('',#3539,10.);
#826=VECTOR('',#3540,10.);
#827=VECTOR('',#3541,10.);
#828=VECTOR('',#3542,10.);
#829=VECTOR('',#3545,10.);
#830=VECTOR('',#3546,10.);
#831=VECTOR('',#3547,10.);
#832=VECTOR('',#3554,10.);
#833=VECTOR('',#3557,10.);
#834=VECTOR('',#3558,10.);
#835=VECTOR('',#3565,10.);
#836=VECTOR('',#3566,10.);
#837=VECTOR('',#3567,10.);
#838=VECTOR('',#3570,10.);
#839=VECTOR('',#3571,10.);
#840=VECTOR('',#3572,10.);
#841=VECTOR('',#3575,10.);
#842=VECTOR('',#3576,10.);
#843=VECTOR('',#3579,10.);
#844=VECTOR('',#3580,10.);
#845=VECTOR('',#3581,10.);
#846=VECTOR('',#3582,10.);
#847=VECTOR('',#3589,10.);
#848=VECTOR('',#3592,10.);
#849=VECTOR('',#3593,10.);
#850=VECTOR('',#3594,10.);
#851=VECTOR('',#3597,10.);
#852=VECTOR('',#3598,10.);
#853=VECTOR('',#3605,10.);
#854=VECTOR('',#3606,10.);
#855=VECTOR('',#3607,10.);
#856=VECTOR('',#3610,10.);
#857=VECTOR('',#3611,10.);
#858=VECTOR('',#3612,10.);
#859=VECTOR('',#3615,10.);
#860=VECTOR('',#3616,10.);
#861=VECTOR('',#3619,10.);
#862=VECTOR('',#3620,10.);
#863=VECTOR('',#3621,10.);
#864=VECTOR('',#3622,10.);
#865=VECTOR('',#3629,10.);
#866=VECTOR('',#3632,10.);
#867=VECTOR('',#3633,10.);
#868=VECTOR('',#3634,10.);
#869=VECTOR('',#3637,10.);
#870=VECTOR('',#3638,10.);
#871=VECTOR('',#3645,10.);
#872=VECTOR('',#3646,10.);
#873=VECTOR('',#3647,10.);
#874=VECTOR('',#3650,10.);
#875=VECTOR('',#3651,10.);
#876=VECTOR('',#3652,10.);
#877=VECTOR('',#3655,10.);
#878=VECTOR('',#3656,10.);
#879=VECTOR('',#3659,10.);
#880=VECTOR('',#3660,10.);
#881=VECTOR('',#3661,10.);
#882=VECTOR('',#3662,10.);
#883=VECTOR('',#3669,10.);
#884=VECTOR('',#3672,10.);
#885=VECTOR('',#3673,10.);
#886=VECTOR('',#3674,10.);
#887=VECTOR('',#3677,10.);
#888=VECTOR('',#3678,10.);
#889=VECTOR('',#3685,10.);
#890=VECTOR('',#3686,10.);
#891=VECTOR('',#3687,10.);
#892=VECTOR('',#3688,10.);
#893=VECTOR('',#3695,10.);
#894=VECTOR('',#3698,10.);
#895=VECTOR('',#3699,10.);
#896=VECTOR('',#3700,10.);
#897=VECTOR('',#3703,10.);
#898=VECTOR('',#3704,10.);
#899=VECTOR('',#3711,10.);
#900=VECTOR('',#3712,10.);
#901=VECTOR('',#3713,10.);
#902=VECTOR('',#3714,10.);
#903=VECTOR('',#3721,10.);
#904=VECTOR('',#3724,10.);
#905=VECTOR('',#3725,10.);
#906=VECTOR('',#3726,10.);
#907=VECTOR('',#3729,10.);
#908=VECTOR('',#3730,10.);
#909=VECTOR('',#3737,10.);
#910=VECTOR('',#3738,10.);
#911=VECTOR('',#3739,10.);
#912=VECTOR('',#3740,10.);
#913=VECTOR('',#3741,10.);
#914=VECTOR('',#3742,10.);
#915=VECTOR('',#3745,10.);
#916=VECTOR('',#3746,10.);
#917=VECTOR('',#3747,10.);
#918=VECTOR('',#3750,10.);
#919=VECTOR('',#3751,10.);
#920=VECTOR('',#3752,10.);
#921=VECTOR('',#3755,10.);
#922=VECTOR('',#3756,10.);
#923=VECTOR('',#3757,10.);
#924=VECTOR('',#3758,10.);
#925=VECTOR('',#3763,10.);
#926=VECTOR('',#3764,10.);
#927=VECTOR('',#3765,10.);
#928=VECTOR('',#3770,10.);
#929=VECTOR('',#3773,10.);
#930=VECTOR('',#3776,10.);
#931=VECTOR('',#3783,10.);
#932=VECTOR('',#3784,10.);
#933=VECTOR('',#3785,10.);
#934=VECTOR('',#3786,10.);
#935=VECTOR('',#3789,10.);
#936=VECTOR('',#3790,10.);
#937=VECTOR('',#3791,10.);
#938=VECTOR('',#3792,10.);
#939=VECTOR('',#3795,10.);
#940=VECTOR('',#3796,10.);
#941=VECTOR('',#3797,10.);
#942=VECTOR('',#3798,10.);
#943=VECTOR('',#3799,10.);
#944=VECTOR('',#3806,10.);
#945=VECTOR('',#3809,10.);
#946=VECTOR('',#3810,10.);
#947=VECTOR('',#3813,10.);
#948=VECTOR('',#3814,10.);
#949=VECTOR('',#3817,10.);
#950=VECTOR('',#3818,10.);
#951=VECTOR('',#3821,10.);
#952=VECTOR('',#3824,10.);
#953=VECTOR('',#3829,10.);
#954=VECTOR('',#3830,10.);
#955=VECTOR('',#3831,10.);
#956=VECTOR('',#3832,10.);
#957=VECTOR('',#3833,10.);
#958=VECTOR('',#3834,10.);
#959=VECTOR('',#3837,10.);
#960=VECTOR('',#3838,10.);
#961=VECTOR('',#3839,10.);
#962=VECTOR('',#3842,10.);
#963=VECTOR('',#3843,10.);
#964=VECTOR('',#3844,10.);
#965=VECTOR('',#3847,10.);
#966=VECTOR('',#3848,10.);
#967=VECTOR('',#3849,10.);
#968=VECTOR('',#3850,10.);
#969=VECTOR('',#3855,10.);
#970=VECTOR('',#3856,10.);
#971=VECTOR('',#3857,10.);
#972=VECTOR('',#3860,10.);
#973=VECTOR('',#3865,10.);
#974=VECTOR('',#3868,10.);
#975=VECTOR('',#4023,15.);
#976=VECTOR('',#4026,15.);
#977=VECTOR('',#4029,15.);
#978=VECTOR('',#4034,15.);
#979=VECTOR('',#4039,15.);
#980=VECTOR('',#4044,15.);
#981=VECTOR('',#4049,15.);
#982=VECTOR('',#4054,15.);
#983=VECTOR('',#4059,15.);
#984=VECTOR('',#4064,15.);
#985=VECTOR('',#4069,15.);
#986=VECTOR('',#4074,15.);
#987=VECTOR('',#4079,15.);
#988=VECTOR('',#4082,15.);
#989=VECTOR('',#4085,15.);
#990=VECTOR('',#4090,15.);
#991=VECTOR('',#4095,15.);
#992=VECTOR('',#4100,15.);
#993=VECTOR('',#4105,15.);
#994=VECTOR('',#4110,15.);
#995=VECTOR('',#4115,15.);
#996=VECTOR('',#4120,15.);
#997=VECTOR('',#4125,15.);
#998=VECTOR('',#4130,15.);
#999=VECTOR('',#4135,15.);
#1000=VECTOR('',#4138,15.);
#1001=VECTOR('',#4141,15.);
#1002=VECTOR('',#4146,15.);
#1003=VECTOR('',#4151,15.);
#1004=VECTOR('',#4156,15.);
#1005=VECTOR('',#4161,15.);
#1006=VECTOR('',#4166,15.);
#1007=VECTOR('',#4171,15.);
#1008=VECTOR('',#4176,15.);
#1009=VECTOR('',#4181,15.);
#1010=VECTOR('',#4186,15.);
#1011=VECTOR('',#4273,15.);
#1012=VECTOR('',#4276,15.);
#1013=VECTOR('',#4277,15.);
#1014=VECTOR('',#4280,15.);
#1015=VECTOR('',#4283,15.);
#1016=VECTOR('',#4284,15.);
#1017=VECTOR('',#4287,15.);
#1018=VECTOR('',#4290,15.);
#1019=VECTOR('',#4293,15.);
#1020=VECTOR('',#4296,15.);
#1021=VECTOR('',#4299,15.);
#1022=VECTOR('',#4300,15.);
#1023=VECTOR('',#4305,15.);
#1024=VECTOR('',#4306,15.);
#1025=VECTOR('',#4309,15.);
#1026=VECTOR('',#4312,2.4);
#1027=VECTOR('',#4315,2.4);
#1028=VECTOR('',#4318,2.4);
#1029=VECTOR('',#4321,2.4);
#1030=VECTOR('',#4324,2.4);
#1031=VECTOR('',#4327,2.4);
#1032=VECTOR('',#4332,15.);
#1033=VECTOR('',#4335,15.);
#1034=VECTOR('',#4338,15.);
#1035=VECTOR('',#4341,15.);
#1036=VECTOR('',#4344,15.);
#1037=VECTOR('',#4351,15.);
#1038=VECTOR('',#4354,15.);
#1039=VECTOR('',#4357,15.);
#1040=VECTOR('',#4360,15.);
#1041=VECTOR('',#4363,15.);
#1042=VECTOR('',#4370,15.);
#1043=VECTOR('',#4373,15.);
#1044=VECTOR('',#4376,15.);
#1045=VECTOR('',#4379,15.);
#1046=VECTOR('',#4382,15.);
#1047=VECTOR('',#4387,30.);
#1048=CIRCLE('',#3096,2.4);
#1049=CIRCLE('',#3097,2.4);
#1050=CIRCLE('',#3106,2.4);
#1051=CIRCLE('',#3107,2.4);
#1052=CIRCLE('',#3115,2.4);
#1053=CIRCLE('',#3116,2.4);
#1054=CIRCLE('',#3126,30.);
#1055=CIRCLE('',#3127,30.);
#1056=CIRCLE('',#3136,30.);
#1057=CIRCLE('',#3137,30.);
#1058=CIRCLE('',#3147,30.);
#1059=CIRCLE('',#3148,30.);
#1060=CIRCLE('',#3158,30.);
#1061=CIRCLE('',#3159,30.);
#1062=CIRCLE('',#3166,30.);
#1063=CIRCLE('',#3167,30.);
#1064=CIRCLE('',#3174,30.);
#1065=CIRCLE('',#3175,30.);
#1066=CIRCLE('',#3185,30.);
#1067=CIRCLE('',#3187,30.);
#1068=CIRCLE('',#3196,30.);
#1069=CIRCLE('',#3197,30.);
#1070=CIRCLE('',#3209,30.);
#1071=CIRCLE('',#3211,30.);
#1072=CIRCLE('',#3217,30.);
#1073=CIRCLE('',#3218,1.50000000000004);
#1074=CIRCLE('',#3219,10.5);
#1075=CIRCLE('',#3220,1.5);
#1076=CIRCLE('',#3221,3.00000000000006);
#1077=CIRCLE('',#3222,15.0000000000001);
#1078=CIRCLE('',#3223,1.49999999999997);
#1079=CIRCLE('',#3224,18.);
#1080=CIRCLE('',#3225,3.00000000000004);
#1081=CIRCLE('',#3226,24.);
#1082=CIRCLE('',#3227,1.49999999999998);
#1083=CIRCLE('',#3228,27.);
#1084=CIRCLE('',#3229,1.5);
#1085=CIRCLE('',#3230,5.25);
#1086=CIRCLE('',#3231,1.5);
#1087=CIRCLE('',#3232,27.);
#1088=CIRCLE('',#3233,1.5);
#1089=CIRCLE('',#3234,3.);
#1090=CIRCLE('',#3235,22.5);
#1091=CIRCLE('',#3236,1.50000000000002);
#1092=CIRCLE('',#3237,19.5);
#1093=CIRCLE('',#3238,2.99999999999999);
#1094=CIRCLE('',#3239,13.5);
#1095=CIRCLE('',#3240,1.50000000000004);
#1096=CIRCLE('',#3241,10.5);
#1097=CIRCLE('',#3242,1.5);
#1098=CIRCLE('',#3243,3.00000000000006);
#1099=CIRCLE('',#3244,15.0000000000001);
#1100=CIRCLE('',#3245,1.49999999999997);
#1101=CIRCLE('',#3246,18.);
#1102=CIRCLE('',#3247,3.00000000000004);
#1103=CIRCLE('',#3248,24.);
#1104=CIRCLE('',#3249,1.49999999999998);
#1105=CIRCLE('',#3250,27.);
#1106=CIRCLE('',#3251,1.5);
#1107=CIRCLE('',#3252,5.25);
#1108=CIRCLE('',#3253,1.5);
#1109=CIRCLE('',#3254,27.);
#1110=CIRCLE('',#3255,1.5);
#1111=CIRCLE('',#3256,3.);
#1112=CIRCLE('',#3257,22.5);
#1113=CIRCLE('',#3258,1.50000000000002);
#1114=CIRCLE('',#3259,19.5);
#1115=CIRCLE('',#3260,2.99999999999999);
#1116=CIRCLE('',#3261,13.5);
#1117=CIRCLE('',#3262,1.50000000000004);
#1118=CIRCLE('',#3263,10.5);
#1119=CIRCLE('',#3264,1.5);
#1120=CIRCLE('',#3265,3.00000000000006);
#1121=CIRCLE('',#3266,15.0000000000001);
#1122=CIRCLE('',#3267,1.49999999999997);
#1123=CIRCLE('',#3268,18.);
#1124=CIRCLE('',#3269,3.00000000000004);
#1125=CIRCLE('',#3270,24.);
#1126=CIRCLE('',#3271,1.49999999999998);
#1127=CIRCLE('',#3272,27.);
#1128=CIRCLE('',#3273,1.5);
#1129=CIRCLE('',#3274,5.25);
#1130=CIRCLE('',#3275,1.5);
#1131=CIRCLE('',#3276,27.);
#1132=CIRCLE('',#3277,1.5);
#1133=CIRCLE('',#3278,3.);
#1134=CIRCLE('',#3279,22.5);
#1135=CIRCLE('',#3280,1.50000000000002);
#1136=CIRCLE('',#3281,19.5);
#1137=CIRCLE('',#3282,2.99999999999999);
#1138=CIRCLE('',#3283,13.5);
#1139=CIRCLE('',#3284,2.4);
#1140=CIRCLE('',#3285,2.4);
#1141=CIRCLE('',#3286,2.4);
#1142=CIRCLE('',#3287,2.4);
#1143=CIRCLE('',#3288,2.4);
#1144=CIRCLE('',#3289,2.4);
#1145=CIRCLE('',#3291,1.5);
#1146=CIRCLE('',#3293,27.);
#1147=CIRCLE('',#3295,1.49999999999996);
#1148=CIRCLE('',#3297,24.);
#1149=CIRCLE('',#3299,3.00000000000005);
#1150=CIRCLE('',#3301,18.);
#1151=CIRCLE('',#3303,1.49999999999996);
#1152=CIRCLE('',#3305,15.0000000000001);
#1153=CIRCLE('',#3307,3.00000000000006);
#1154=CIRCLE('',#3309,1.5);
#1155=CIRCLE('',#3311,10.5);
#1156=CIRCLE('',#3313,1.5);
#1157=CIRCLE('',#3315,27.);
#1158=CIRCLE('',#3317,1.49999999999996);
#1159=CIRCLE('',#3319,24.);
#1160=CIRCLE('',#3321,3.00000000000005);
#1161=CIRCLE('',#3323,18.);
#1162=CIRCLE('',#3325,1.49999999999996);
#1163=CIRCLE('',#3327,15.0000000000001);
#1164=CIRCLE('',#3329,3.00000000000006);
#1165=CIRCLE('',#3331,1.5);
#1166=CIRCLE('',#3333,10.5);
#1167=CIRCLE('',#3335,1.5);
#1168=CIRCLE('',#3337,27.);
#1169=CIRCLE('',#3339,1.49999999999996);
#1170=CIRCLE('',#3341,24.);
#1171=CIRCLE('',#3343,3.00000000000005);
#1172=CIRCLE('',#3345,18.);
#1173=CIRCLE('',#3347,1.49999999999996);
#1174=CIRCLE('',#3349,15.0000000000001);
#1175=CIRCLE('',#3351,3.00000000000006);
#1176=CIRCLE('',#3353,1.5);
#1177=CIRCLE('',#3355,10.5);
#1178=CIRCLE('',#3357,30.);
#1179=CIRCLE('',#3358,1.50000000000005);
#1180=CIRCLE('',#3359,13.5000000000001);
#1181=CIRCLE('',#3360,2.99999999999997);
#1182=CIRCLE('',#3361,19.4999999999998);
#1183=CIRCLE('',#3362,1.50000000000003);
#1184=CIRCLE('',#3363,22.5);
#1185=CIRCLE('',#3364,2.99999999999998);
#1186=CIRCLE('',#3365,1.5);
#1187=CIRCLE('',#3366,27.);
#1188=CIRCLE('',#3367,1.5);
#1189=CIRCLE('',#3368,5.25);
#1190=CIRCLE('',#3369,1.50000000000005);
#1191=CIRCLE('',#3370,13.5000000000001);
#1192=CIRCLE('',#3371,2.99999999999997);
#1193=CIRCLE('',#3372,19.4999999999998);
#1194=CIRCLE('',#3373,1.50000000000003);
#1195=CIRCLE('',#3374,22.5);
#1196=CIRCLE('',#3375,2.99999999999998);
#1197=CIRCLE('',#3376,1.5);
#1198=CIRCLE('',#3377,27.);
#1199=CIRCLE('',#3378,1.5);
#1200=CIRCLE('',#3379,5.25);
#1201=CIRCLE('',#3380,1.5);
#1202=CIRCLE('',#3381,5.25);
#1203=CIRCLE('',#3382,1.50000000000005);
#1204=CIRCLE('',#3383,13.5000000000001);
#1205=CIRCLE('',#3384,2.99999999999997);
#1206=CIRCLE('',#3385,19.4999999999998);
#1207=CIRCLE('',#3386,1.50000000000003);
#1208=CIRCLE('',#3387,22.5);
#1209=CIRCLE('',#3388,2.99999999999998);
#1210=CIRCLE('',#3389,1.5);
#1211=CIRCLE('',#3390,27.);
#1212=CIRCLE('',#3391,2.4);
#1213=CIRCLE('',#3392,2.4);
#1214=CIRCLE('',#3393,2.4);
#1215=CIRCLE('',#3394,2.4);
#1216=CIRCLE('',#3395,2.4);
#1217=CIRCLE('',#3396,2.4);
#1218=VERTEX_POINT('',#4390);
#1219=VERTEX_POINT('',#4392);
#1220=VERTEX_POINT('',#4396);
#1221=VERTEX_POINT('',#4397);
#1222=VERTEX_POINT('',#4399);
#1223=VERTEX_POINT('',#4401);
#1224=VERTEX_POINT('',#4405);
#1225=VERTEX_POINT('',#4407);
#1226=VERTEX_POINT('',#4411);
#1227=VERTEX_POINT('',#4413);
#1228=VERTEX_POINT('',#4417);
#1229=VERTEX_POINT('',#4419);
#1230=VERTEX_POINT('',#4428);
#1231=VERTEX_POINT('',#4430);
#1232=VERTEX_POINT('',#4434);
#1233=VERTEX_POINT('',#4435);
#1234=VERTEX_POINT('',#4437);
#1235=VERTEX_POINT('',#4439);
#1236=VERTEX_POINT('',#4443);
#1237=VERTEX_POINT('',#4445);
#1238=VERTEX_POINT('',#4449);
#1239=VERTEX_POINT('',#4451);
#1240=VERTEX_POINT('',#4460);
#1241=VERTEX_POINT('',#4462);
#1242=VERTEX_POINT('',#4466);
#1243=VERTEX_POINT('',#4467);
#1244=VERTEX_POINT('',#4469);
#1245=VERTEX_POINT('',#4471);
#1246=VERTEX_POINT('',#4475);
#1247=VERTEX_POINT('',#4477);
#1248=VERTEX_POINT('',#4481);
#1249=VERTEX_POINT('',#4483);
#1250=VERTEX_POINT('',#4492);
#1251=VERTEX_POINT('',#4493);
#1252=VERTEX_POINT('',#4495);
#1253=VERTEX_POINT('',#4497);
#1254=VERTEX_POINT('',#4501);
#1255=VERTEX_POINT('',#4503);
#1256=VERTEX_POINT('',#4507);
#1257=VERTEX_POINT('',#4509);
#1258=VERTEX_POINT('',#4518);
#1259=VERTEX_POINT('',#4519);
#1260=VERTEX_POINT('',#4521);
#1261=VERTEX_POINT('',#4525);
#1262=VERTEX_POINT('',#4526);
#1263=VERTEX_POINT('',#4531);
#1264=VERTEX_POINT('',#4535);
#1265=VERTEX_POINT('',#4537);
#1266=VERTEX_POINT('',#4539);
#1267=VERTEX_POINT('',#4543);
#1268=VERTEX_POINT('',#4545);
#1269=VERTEX_POINT('',#4549);
#1270=VERTEX_POINT('',#4551);
#1271=VERTEX_POINT('',#4560);
#1272=VERTEX_POINT('',#4561);
#1273=VERTEX_POINT('',#4563);
#1274=VERTEX_POINT('',#4567);
#1275=VERTEX_POINT('',#4568);
#1276=VERTEX_POINT('',#4573);
#1277=VERTEX_POINT('',#4577);
#1278=VERTEX_POINT('',#4579);
#1279=VERTEX_POINT('',#4581);
#1280=VERTEX_POINT('',#4585);
#1281=VERTEX_POINT('',#4587);
#1282=VERTEX_POINT('',#4591);
#1283=VERTEX_POINT('',#4593);
#1284=VERTEX_POINT('',#4602);
#1285=VERTEX_POINT('',#4603);
#1286=VERTEX_POINT('',#4605);
#1287=VERTEX_POINT('',#4609);
#1288=VERTEX_POINT('',#4610);
#1289=VERTEX_POINT('',#4615);
#1290=VERTEX_POINT('',#4619);
#1291=VERTEX_POINT('',#4621);
#1292=VERTEX_POINT('',#4623);
#1293=VERTEX_POINT('',#4627);
#1294=VERTEX_POINT('',#4629);
#1295=VERTEX_POINT('',#4633);
#1296=VERTEX_POINT('',#4635);
#1297=VERTEX_POINT('',#4644);
#1298=VERTEX_POINT('',#4645);
#1299=VERTEX_POINT('',#4647);
#1300=VERTEX_POINT('',#4649);
#1301=VERTEX_POINT('',#4653);
#1302=VERTEX_POINT('',#4655);
#1303=VERTEX_POINT('',#4659);
#1304=VERTEX_POINT('',#4661);
#1305=VERTEX_POINT('',#4670);
#1306=VERTEX_POINT('',#4671);
#1307=VERTEX_POINT('',#4673);
#1308=VERTEX_POINT('',#4675);
#1309=VERTEX_POINT('',#4679);
#1310=VERTEX_POINT('',#4681);
#1311=VERTEX_POINT('',#4685);
#1312=VERTEX_POINT('',#4687);
#1313=VERTEX_POINT('',#4696);
#1314=VERTEX_POINT('',#4697);
#1315=VERTEX_POINT('',#4699);
#1316=VERTEX_POINT('',#4701);
#1317=VERTEX_POINT('',#4703);
#1318=VERTEX_POINT('',#4705);
#1319=VERTEX_POINT('',#4709);
#1320=VERTEX_POINT('',#4711);
#1321=VERTEX_POINT('',#4715);
#1322=VERTEX_POINT('',#4717);
#1323=VERTEX_POINT('',#4721);
#1324=VERTEX_POINT('',#4722);
#1325=VERTEX_POINT('',#4724);
#1326=VERTEX_POINT('',#4729);
#1327=VERTEX_POINT('',#4732);
#1328=VERTEX_POINT('',#4736);
#1329=VERTEX_POINT('',#4746);
#1330=VERTEX_POINT('',#4747);
#1331=VERTEX_POINT('',#4749);
#1332=VERTEX_POINT('',#4751);
#1333=VERTEX_POINT('',#4755);
#1334=VERTEX_POINT('',#4756);
#1335=VERTEX_POINT('',#4758);
#1336=VERTEX_POINT('',#4760);
#1337=VERTEX_POINT('',#4764);
#1338=VERTEX_POINT('',#4766);
#1339=VERTEX_POINT('',#4768);
#1340=VERTEX_POINT('',#4770);
#1341=VERTEX_POINT('',#4774);
#1342=VERTEX_POINT('',#4776);
#1343=VERTEX_POINT('',#4780);
#1344=VERTEX_POINT('',#4787);
#1345=VERTEX_POINT('',#4796);
#1346=VERTEX_POINT('',#4797);
#1347=VERTEX_POINT('',#4799);
#1348=VERTEX_POINT('',#4801);
#1349=VERTEX_POINT('',#4803);
#1350=VERTEX_POINT('',#4805);
#1351=VERTEX_POINT('',#4809);
#1352=VERTEX_POINT('',#4811);
#1353=VERTEX_POINT('',#4815);
#1354=VERTEX_POINT('',#4817);
#1355=VERTEX_POINT('',#4821);
#1356=VERTEX_POINT('',#4822);
#1357=VERTEX_POINT('',#4824);
#1358=VERTEX_POINT('',#4829);
#1359=VERTEX_POINT('',#4832);
#1360=VERTEX_POINT('',#4836);
#1361=VERTEX_POINT('',#4846);
#1362=VERTEX_POINT('',#4848);
#1363=VERTEX_POINT('',#4849);
#1364=VERTEX_POINT('',#4851);
#1365=VERTEX_POINT('',#4853);
#1366=VERTEX_POINT('',#4855);
#1367=VERTEX_POINT('',#4857);
#1368=VERTEX_POINT('',#4859);
#1369=VERTEX_POINT('',#4861);
#1370=VERTEX_POINT('',#4863);
#1371=VERTEX_POINT('',#4865);
#1372=VERTEX_POINT('',#4867);
#1373=VERTEX_POINT('',#4869);
#1374=VERTEX_POINT('',#4871);
#1375=VERTEX_POINT('',#4873);
#1376=VERTEX_POINT('',#4875);
#1377=VERTEX_POINT('',#4877);
#1378=VERTEX_POINT('',#4879);
#1379=VERTEX_POINT('',#4881);
#1380=VERTEX_POINT('',#4883);
#1381=VERTEX_POINT('',#4885);
#1382=VERTEX_POINT('',#4887);
#1383=VERTEX_POINT('',#4889);
#1384=VERTEX_POINT('',#4892);
#1385=VERTEX_POINT('',#4893);
#1386=VERTEX_POINT('',#4895);
#1387=VERTEX_POINT('',#4897);
#1388=VERTEX_POINT('',#4899);
#1389=VERTEX_POINT('',#4901);
#1390=VERTEX_POINT('',#4903);
#1391=VERTEX_POINT('',#4905);
#1392=VERTEX_POINT('',#4907);
#1393=VERTEX_POINT('',#4909);
#1394=VERTEX_POINT('',#4911);
#1395=VERTEX_POINT('',#4913);
#1396=VERTEX_POINT('',#4915);
#1397=VERTEX_POINT('',#4917);
#1398=VERTEX_POINT('',#4919);
#1399=VERTEX_POINT('',#4921);
#1400=VERTEX_POINT('',#4923);
#1401=VERTEX_POINT('',#4925);
#1402=VERTEX_POINT('',#4927);
#1403=VERTEX_POINT('',#4929);
#1404=VERTEX_POINT('',#4931);
#1405=VERTEX_POINT('',#4933);
#1406=VERTEX_POINT('',#4936);
#1407=VERTEX_POINT('',#4937);
#1408=VERTEX_POINT('',#4939);
#1409=VERTEX_POINT('',#4941);
#1410=VERTEX_POINT('',#4943);
#1411=VERTEX_POINT('',#4945);
#1412=VERTEX_POINT('',#4947);
#1413=VERTEX_POINT('',#4949);
#1414=VERTEX_POINT('',#4951);
#1415=VERTEX_POINT('',#4953);
#1416=VERTEX_POINT('',#4955);
#1417=VERTEX_POINT('',#4957);
#1418=VERTEX_POINT('',#4959);
#1419=VERTEX_POINT('',#4961);
#1420=VERTEX_POINT('',#4963);
#1421=VERTEX_POINT('',#4965);
#1422=VERTEX_POINT('',#4967);
#1423=VERTEX_POINT('',#4969);
#1424=VERTEX_POINT('',#4971);
#1425=VERTEX_POINT('',#4973);
#1426=VERTEX_POINT('',#4975);
#1427=VERTEX_POINT('',#4977);
#1428=VERTEX_POINT('',#4980);
#1429=VERTEX_POINT('',#4982);
#1430=VERTEX_POINT('',#4984);
#1431=VERTEX_POINT('',#4986);
#1432=VERTEX_POINT('',#4988);
#1433=VERTEX_POINT('',#4990);
#1434=VERTEX_POINT('',#4993);
#1435=VERTEX_POINT('',#4995);
#1436=VERTEX_POINT('',#4999);
#1437=VERTEX_POINT('',#5003);
#1438=VERTEX_POINT('',#5007);
#1439=VERTEX_POINT('',#5011);
#1440=VERTEX_POINT('',#5015);
#1441=VERTEX_POINT('',#5019);
#1442=VERTEX_POINT('',#5023);
#1443=VERTEX_POINT('',#5027);
#1444=VERTEX_POINT('',#5031);
#1445=VERTEX_POINT('',#5035);
#1446=VERTEX_POINT('',#5039);
#1447=VERTEX_POINT('',#5041);
#1448=VERTEX_POINT('',#5045);
#1449=VERTEX_POINT('',#5049);
#1450=VERTEX_POINT('',#5053);
#1451=VERTEX_POINT('',#5057);
#1452=VERTEX_POINT('',#5061);
#1453=VERTEX_POINT('',#5065);
#1454=VERTEX_POINT('',#5069);
#1455=VERTEX_POINT('',#5073);
#1456=VERTEX_POINT('',#5077);
#1457=VERTEX_POINT('',#5081);
#1458=VERTEX_POINT('',#5085);
#1459=VERTEX_POINT('',#5087);
#1460=VERTEX_POINT('',#5091);
#1461=VERTEX_POINT('',#5095);
#1462=VERTEX_POINT('',#5099);
#1463=VERTEX_POINT('',#5103);
#1464=VERTEX_POINT('',#5107);
#1465=VERTEX_POINT('',#5111);
#1466=VERTEX_POINT('',#5115);
#1467=VERTEX_POINT('',#5119);
#1468=VERTEX_POINT('',#5123);
#1469=VERTEX_POINT('',#5127);
#1470=VERTEX_POINT('',#5131);
#1471=VERTEX_POINT('',#5133);
#1472=VERTEX_POINT('',#5135);
#1473=VERTEX_POINT('',#5137);
#1474=VERTEX_POINT('',#5139);
#1475=VERTEX_POINT('',#5141);
#1476=VERTEX_POINT('',#5143);
#1477=VERTEX_POINT('',#5145);
#1478=VERTEX_POINT('',#5147);
#1479=VERTEX_POINT('',#5149);
#1480=VERTEX_POINT('',#5151);
#1481=VERTEX_POINT('',#5154);
#1482=VERTEX_POINT('',#5156);
#1483=VERTEX_POINT('',#5158);
#1484=VERTEX_POINT('',#5160);
#1485=VERTEX_POINT('',#5162);
#1486=VERTEX_POINT('',#5164);
#1487=VERTEX_POINT('',#5166);
#1488=VERTEX_POINT('',#5168);
#1489=VERTEX_POINT('',#5170);
#1490=VERTEX_POINT('',#5172);
#1491=VERTEX_POINT('',#5175);
#1492=VERTEX_POINT('',#5176);
#1493=VERTEX_POINT('',#5179);
#1494=VERTEX_POINT('',#5181);
#1495=VERTEX_POINT('',#5183);
#1496=VERTEX_POINT('',#5185);
#1497=VERTEX_POINT('',#5187);
#1498=VERTEX_POINT('',#5189);
#1499=VERTEX_POINT('',#5191);
#1500=VERTEX_POINT('',#5193);
#1501=VERTEX_POINT('',#5196);
#1502=VERTEX_POINT('',#5198);
#1503=VERTEX_POINT('',#5200);
#1504=VERTEX_POINT('',#5202);
#1505=VERTEX_POINT('',#5204);
#1506=VERTEX_POINT('',#5206);
#1507=EDGE_CURVE('',#1218,#1218,#1048,.T.);
#1508=EDGE_CURVE('',#1218,#1219,#518,.T.);
#1509=EDGE_CURVE('',#1219,#1219,#1049,.T.);
#1510=EDGE_CURVE('',#1220,#1221,#519,.T.);
#1511=EDGE_CURVE('',#1220,#1222,#520,.T.);
#1512=EDGE_CURVE('',#1223,#1222,#521,.T.);
#1513=EDGE_CURVE('',#1221,#1223,#522,.T.);
#1514=EDGE_CURVE('',#1221,#1224,#523,.T.);
#1515=EDGE_CURVE('',#1225,#1223,#524,.T.);
#1516=EDGE_CURVE('',#1224,#1225,#525,.T.);
#1517=EDGE_CURVE('',#1224,#1226,#526,.T.);
#1518=EDGE_CURVE('',#1227,#1225,#527,.T.);
#1519=EDGE_CURVE('',#1226,#1227,#528,.T.);
#1520=EDGE_CURVE('',#1226,#1228,#529,.T.);
#1521=EDGE_CURVE('',#1229,#1227,#530,.T.);
#1522=EDGE_CURVE('',#1228,#1229,#531,.T.);
#1523=EDGE_CURVE('',#1228,#1220,#532,.T.);
#1524=EDGE_CURVE('',#1222,#1229,#533,.T.);
#1525=EDGE_CURVE('',#1230,#1230,#1050,.T.);
#1526=EDGE_CURVE('',#1230,#1231,#534,.T.);
#1527=EDGE_CURVE('',#1231,#1231,#1051,.T.);
#1528=EDGE_CURVE('',#1232,#1233,#535,.T.);
#1529=EDGE_CURVE('',#1232,#1234,#536,.T.);
#1530=EDGE_CURVE('',#1235,#1234,#537,.T.);
#1531=EDGE_CURVE('',#1233,#1235,#538,.T.);
#1532=EDGE_CURVE('',#1233,#1236,#539,.T.);
#1533=EDGE_CURVE('',#1237,#1235,#540,.T.);
#1534=EDGE_CURVE('',#1236,#1237,#541,.T.);
#1535=EDGE_CURVE('',#1236,#1238,#542,.T.);
#1536=EDGE_CURVE('',#1239,#1237,#543,.T.);
#1537=EDGE_CURVE('',#1238,#1239,#544,.T.);
#1538=EDGE_CURVE('',#1238,#1232,#545,.T.);
#1539=EDGE_CURVE('',#1234,#1239,#546,.T.);
#1540=EDGE_CURVE('',#1240,#1240,#1052,.T.);
#1541=EDGE_CURVE('',#1240,#1241,#547,.T.);
#1542=EDGE_CURVE('',#1241,#1241,#1053,.T.);
#1543=EDGE_CURVE('',#1242,#1243,#548,.T.);
#1544=EDGE_CURVE('',#1242,#1244,#549,.T.);
#1545=EDGE_CURVE('',#1245,#1244,#550,.T.);
#1546=EDGE_CURVE('',#1243,#1245,#551,.T.);
#1547=EDGE_CURVE('',#1243,#1246,#552,.T.);
#1548=EDGE_CURVE('',#1247,#1245,#553,.T.);
#1549=EDGE_CURVE('',#1246,#1247,#554,.T.);
#1550=EDGE_CURVE('',#1246,#1248,#555,.T.);
#1551=EDGE_CURVE('',#1249,#1247,#556,.T.);
#1552=EDGE_CURVE('',#1248,#1249,#557,.T.);
#1553=EDGE_CURVE('',#1248,#1242,#558,.T.);
#1554=EDGE_CURVE('',#1244,#1249,#559,.T.);
#1555=EDGE_CURVE('',#1250,#1251,#560,.T.);
#1556=EDGE_CURVE('',#1250,#1252,#561,.T.);
#1557=EDGE_CURVE('',#1253,#1252,#562,.T.);
#1558=EDGE_CURVE('',#1251,#1253,#563,.T.);
#1559=EDGE_CURVE('',#1251,#1254,#564,.T.);
#1560=EDGE_CURVE('',#1255,#1253,#565,.T.);
#1561=EDGE_CURVE('',#1254,#1255,#566,.T.);
#1562=EDGE_CURVE('',#1256,#1254,#1054,.T.);
#1563=EDGE_CURVE('',#1257,#1255,#1055,.T.);
#1564=EDGE_CURVE('',#1256,#1257,#567,.T.);
#1565=EDGE_CURVE('',#1250,#1256,#568,.T.);
#1566=EDGE_CURVE('',#1252,#1257,#569,.T.);
#1567=EDGE_CURVE('',#1258,#1259,#570,.T.);
#1568=EDGE_CURVE('',#1260,#1258,#571,.T.);
#1569=EDGE_CURVE('',#1259,#1260,#572,.T.);
#1570=EDGE_CURVE('',#1261,#1262,#573,.T.);
#1571=EDGE_CURVE('',#1261,#1260,#574,.T.);
#1572=EDGE_CURVE('',#1262,#1258,#575,.T.);
#1573=EDGE_CURVE('',#1259,#1263,#576,.T.);
#1574=EDGE_CURVE('',#1263,#1261,#577,.T.);
#1575=EDGE_CURVE('',#1264,#1263,#578,.T.);
#1576=EDGE_CURVE('',#1264,#1265,#579,.T.);
#1577=EDGE_CURVE('',#1266,#1265,#580,.T.);
#1578=EDGE_CURVE('',#1258,#1266,#581,.T.);
#1579=EDGE_CURVE('',#1267,#1262,#1056,.T.);
#1580=EDGE_CURVE('',#1268,#1266,#1057,.T.);
#1581=EDGE_CURVE('',#1267,#1268,#582,.T.);
#1582=EDGE_CURVE('',#1269,#1267,#583,.T.);
#1583=EDGE_CURVE('',#1270,#1268,#584,.T.);
#1584=EDGE_CURVE('',#1269,#1270,#585,.T.);
#1585=EDGE_CURVE('',#1264,#1269,#586,.T.);
#1586=EDGE_CURVE('',#1265,#1270,#587,.T.);
#1587=EDGE_CURVE('',#1271,#1272,#588,.T.);
#1588=EDGE_CURVE('',#1273,#1271,#589,.T.);
#1589=EDGE_CURVE('',#1272,#1273,#590,.T.);
#1590=EDGE_CURVE('',#1274,#1275,#591,.T.);
#1591=EDGE_CURVE('',#1274,#1273,#592,.T.);
#1592=EDGE_CURVE('',#1275,#1271,#593,.T.);
#1593=EDGE_CURVE('',#1272,#1276,#594,.T.);
#1594=EDGE_CURVE('',#1276,#1274,#595,.T.);
#1595=EDGE_CURVE('',#1277,#1276,#596,.T.);
#1596=EDGE_CURVE('',#1277,#1278,#597,.T.);
#1597=EDGE_CURVE('',#1279,#1278,#598,.T.);
#1598=EDGE_CURVE('',#1271,#1279,#599,.T.);
#1599=EDGE_CURVE('',#1280,#1275,#1058,.T.);
#1600=EDGE_CURVE('',#1281,#1279,#1059,.T.);
#1601=EDGE_CURVE('',#1280,#1281,#600,.T.);
#1602=EDGE_CURVE('',#1282,#1280,#601,.T.);
#1603=EDGE_CURVE('',#1283,#1281,#602,.T.);
#1604=EDGE_CURVE('',#1282,#1283,#603,.T.);
#1605=EDGE_CURVE('',#1277,#1282,#604,.T.);
#1606=EDGE_CURVE('',#1278,#1283,#605,.T.);
#1607=EDGE_CURVE('',#1284,#1285,#606,.T.);
#1608=EDGE_CURVE('',#1286,#1284,#607,.T.);
#1609=EDGE_CURVE('',#1285,#1286,#608,.T.);
#1610=EDGE_CURVE('',#1287,#1288,#609,.T.);
#1611=EDGE_CURVE('',#1287,#1286,#610,.T.);
#1612=EDGE_CURVE('',#1288,#1284,#611,.T.);
#1613=EDGE_CURVE('',#1285,#1289,#612,.T.);
#1614=EDGE_CURVE('',#1289,#1287,#613,.T.);
#1615=EDGE_CURVE('',#1290,#1289,#614,.T.);
#1616=EDGE_CURVE('',#1290,#1291,#615,.T.);
#1617=EDGE_CURVE('',#1292,#1291,#616,.T.);
#1618=EDGE_CURVE('',#1284,#1292,#617,.T.);
#1619=EDGE_CURVE('',#1293,#1288,#1060,.T.);
#1620=EDGE_CURVE('',#1294,#1292,#1061,.T.);
#1621=EDGE_CURVE('',#1293,#1294,#618,.T.);
#1622=EDGE_CURVE('',#1295,#1293,#619,.T.);
#1623=EDGE_CURVE('',#1296,#1294,#620,.T.);
#1624=EDGE_CURVE('',#1295,#1296,#621,.T.);
#1625=EDGE_CURVE('',#1290,#1295,#622,.T.);
#1626=EDGE_CURVE('',#1291,#1296,#623,.T.);
#1627=EDGE_CURVE('',#1297,#1298,#624,.T.);
#1628=EDGE_CURVE('',#1297,#1299,#625,.T.);
#1629=EDGE_CURVE('',#1300,#1299,#626,.T.);
#1630=EDGE_CURVE('',#1298,#1300,#627,.T.);
#1631=EDGE_CURVE('',#1301,#1298,#1062,.T.);
#1632=EDGE_CURVE('',#1302,#1300,#1063,.T.);
#1633=EDGE_CURVE('',#1301,#1302,#628,.T.);
#1634=EDGE_CURVE('',#1303,#1301,#629,.T.);
#1635=EDGE_CURVE('',#1304,#1302,#630,.T.);
#1636=EDGE_CURVE('',#1303,#1304,#631,.T.);
#1637=EDGE_CURVE('',#1303,#1297,#632,.T.);
#1638=EDGE_CURVE('',#1299,#1304,#633,.T.);
#1639=EDGE_CURVE('',#1305,#1306,#634,.T.);
#1640=EDGE_CURVE('',#1305,#1307,#635,.T.);
#1641=EDGE_CURVE('',#1308,#1307,#636,.T.);
#1642=EDGE_CURVE('',#1306,#1308,#637,.T.);
#1643=EDGE_CURVE('',#1309,#1306,#1064,.T.);
#1644=EDGE_CURVE('',#1310,#1308,#1065,.T.);
#1645=EDGE_CURVE('',#1309,#1310,#638,.T.);
#1646=EDGE_CURVE('',#1311,#1309,#639,.T.);
#1647=EDGE_CURVE('',#1312,#1310,#640,.T.);
#1648=EDGE_CURVE('',#1311,#1312,#641,.T.);
#1649=EDGE_CURVE('',#1311,#1305,#642,.T.);
#1650=EDGE_CURVE('',#1307,#1312,#643,.T.);
#1651=EDGE_CURVE('',#1313,#1314,#644,.T.);
#1652=EDGE_CURVE('',#1315,#1314,#645,.T.);
#1653=EDGE_CURVE('',#1315,#1316,#646,.T.);
#1654=EDGE_CURVE('',#1316,#1317,#647,.T.);
#1655=EDGE_CURVE('',#1317,#1318,#648,.T.);
#1656=EDGE_CURVE('',#1318,#1313,#649,.T.);
#1657=EDGE_CURVE('',#1314,#1319,#650,.T.);
#1658=EDGE_CURVE('',#1320,#1319,#651,.T.);
#1659=EDGE_CURVE('',#1315,#1320,#652,.T.);
#1660=EDGE_CURVE('',#1317,#1321,#653,.T.);
#1661=EDGE_CURVE('',#1322,#1321,#654,.T.);
#1662=EDGE_CURVE('',#1318,#1322,#655,.T.);
#1663=EDGE_CURVE('',#1323,#1324,#656,.T.);
#1664=EDGE_CURVE('',#1324,#1325,#657,.T.);
#1665=EDGE_CURVE('',#1321,#1325,#658,.T.);
#1666=EDGE_CURVE('',#1316,#1323,#659,.T.);
#1667=EDGE_CURVE('',#1324,#1326,#1066,.T.);
#1668=EDGE_CURVE('',#1320,#1323,#660,.T.);
#1669=EDGE_CURVE('',#1327,#1319,#661,.T.);
#1670=EDGE_CURVE('',#1326,#1327,#662,.T.);
#1671=EDGE_CURVE('',#1325,#1328,#1067,.T.);
#1672=EDGE_CURVE('',#1328,#1322,#663,.T.);
#1673=EDGE_CURVE('',#1326,#1328,#664,.T.);
#1674=EDGE_CURVE('',#1327,#1313,#665,.T.);
#1675=EDGE_CURVE('',#1329,#1330,#666,.T.);
#1676=EDGE_CURVE('',#1329,#1331,#667,.T.);
#1677=EDGE_CURVE('',#1331,#1332,#668,.T.);
#1678=EDGE_CURVE('',#1330,#1332,#669,.T.);
#1679=EDGE_CURVE('',#1333,#1334,#670,.T.);
#1680=EDGE_CURVE('',#1335,#1333,#671,.T.);
#1681=EDGE_CURVE('',#1335,#1336,#672,.T.);
#1682=EDGE_CURVE('',#1334,#1336,#673,.T.);
#1683=EDGE_CURVE('',#1337,#1335,#674,.T.);
#1684=EDGE_CURVE('',#1338,#1333,#675,.T.);
#1685=EDGE_CURVE('',#1338,#1339,#676,.T.);
#1686=EDGE_CURVE('',#1340,#1339,#677,.T.);
#1687=EDGE_CURVE('',#1337,#1340,#678,.T.);
#1688=EDGE_CURVE('',#1341,#1337,#1068,.T.);
#1689=EDGE_CURVE('',#1342,#1340,#1069,.T.);
#1690=EDGE_CURVE('',#1341,#1342,#679,.T.);
#1691=EDGE_CURVE('',#1339,#1343,#680,.T.);
#1692=EDGE_CURVE('',#1343,#1342,#681,.T.);
#1693=EDGE_CURVE('',#1332,#1341,#682,.T.);
#1694=EDGE_CURVE('',#1331,#1336,#683,.T.);
#1695=EDGE_CURVE('',#1344,#1343,#684,.T.);
#1696=EDGE_CURVE('',#1330,#1344,#685,.T.);
#1697=EDGE_CURVE('',#1344,#1338,#686,.T.);
#1698=EDGE_CURVE('',#1329,#1334,#687,.T.);
#1699=EDGE_CURVE('',#1345,#1346,#688,.T.);
#1700=EDGE_CURVE('',#1346,#1347,#689,.T.);
#1701=EDGE_CURVE('',#1347,#1348,#690,.T.);
#1702=EDGE_CURVE('',#1348,#1349,#691,.T.);
#1703=EDGE_CURVE('',#1349,#1350,#692,.T.);
#1704=EDGE_CURVE('',#1345,#1350,#693,.T.);
#1705=EDGE_CURVE('',#1350,#1351,#694,.T.);
#1706=EDGE_CURVE('',#1352,#1351,#695,.T.);
#1707=EDGE_CURVE('',#1345,#1352,#696,.T.);
#1708=EDGE_CURVE('',#1347,#1353,#697,.T.);
#1709=EDGE_CURVE('',#1354,#1353,#698,.T.);
#1710=EDGE_CURVE('',#1348,#1354,#699,.T.);
#1711=EDGE_CURVE('',#1355,#1356,#700,.T.);
#1712=EDGE_CURVE('',#1356,#1357,#701,.T.);
#1713=EDGE_CURVE('',#1353,#1357,#702,.T.);
#1714=EDGE_CURVE('',#1346,#1355,#703,.T.);
#1715=EDGE_CURVE('',#1356,#1358,#1070,.T.);
#1716=EDGE_CURVE('',#1352,#1355,#704,.T.);
#1717=EDGE_CURVE('',#1359,#1351,#705,.T.);
#1718=EDGE_CURVE('',#1358,#1359,#706,.T.);
#1719=EDGE_CURVE('',#1360,#1354,#707,.T.);
#1720=EDGE_CURVE('',#1357,#1360,#1071,.T.);
#1721=EDGE_CURVE('',#1358,#1360,#708,.T.);
#1722=EDGE_CURVE('',#1359,#1349,#709,.T.);
#1723=EDGE_CURVE('',#1361,#1361,#1072,.T.);
#1724=EDGE_CURVE('',#1362,#1363,#1073,.T.);
#1725=EDGE_CURVE('',#1364,#1362,#1074,.T.);
#1726=EDGE_CURVE('',#1365,#1364,#1075,.T.);
#1727=EDGE_CURVE('',#1366,#1365,#1076,.T.);
#1728=EDGE_CURVE('',#1367,#1366,#1077,.T.);
#1729=EDGE_CURVE('',#1368,#1367,#1078,.T.);
#1730=EDGE_CURVE('',#1369,#1368,#1079,.T.);
#1731=EDGE_CURVE('',#1370,#1369,#1080,.T.);
#1732=EDGE_CURVE('',#1371,#1370,#1081,.T.);
#1733=EDGE_CURVE('',#1372,#1371,#1082,.T.);
#1734=EDGE_CURVE('',#1373,#1372,#1083,.T.);
#1735=EDGE_CURVE('',#1374,#1373,#1084,.T.);
#1736=EDGE_CURVE('',#1375,#1374,#1085,.T.);
#1737=EDGE_CURVE('',#1376,#1375,#1086,.T.);
#1738=EDGE_CURVE('',#1377,#1376,#1087,.T.);
#1739=EDGE_CURVE('',#1378,#1377,#1088,.T.);
#1740=EDGE_CURVE('',#1379,#1378,#1089,.T.);
#1741=EDGE_CURVE('',#1380,#1379,#1090,.T.);
#1742=EDGE_CURVE('',#1381,#1380,#1091,.T.);
#1743=EDGE_CURVE('',#1382,#1381,#1092,.T.);
#1744=EDGE_CURVE('',#1383,#1382,#1093,.T.);
#1745=EDGE_CURVE('',#1363,#1383,#1094,.T.);
#1746=EDGE_CURVE('',#1384,#1385,#1095,.T.);
#1747=EDGE_CURVE('',#1386,#1384,#1096,.T.);
#1748=EDGE_CURVE('',#1387,#1386,#1097,.T.);
#1749=EDGE_CURVE('',#1388,#1387,#1098,.T.);
#1750=EDGE_CURVE('',#1389,#1388,#1099,.T.);
#1751=EDGE_CURVE('',#1390,#1389,#1100,.T.);
#1752=EDGE_CURVE('',#1391,#1390,#1101,.T.);
#1753=EDGE_CURVE('',#1392,#1391,#1102,.T.);
#1754=EDGE_CURVE('',#1393,#1392,#1103,.T.);
#1755=EDGE_CURVE('',#1394,#1393,#1104,.T.);
#1756=EDGE_CURVE('',#1395,#1394,#1105,.T.);
#1757=EDGE_CURVE('',#1396,#1395,#1106,.T.);
#1758=EDGE_CURVE('',#1397,#1396,#1107,.T.);
#1759=EDGE_CURVE('',#1398,#1397,#1108,.T.);
#1760=EDGE_CURVE('',#1399,#1398,#1109,.T.);
#1761=EDGE_CURVE('',#1400,#1399,#1110,.T.);
#1762=EDGE_CURVE('',#1401,#1400,#1111,.T.);
#1763=EDGE_CURVE('',#1402,#1401,#1112,.T.);
#1764=EDGE_CURVE('',#1403,#1402,#1113,.T.);
#1765=EDGE_CURVE('',#1404,#1403,#1114,.T.);
#1766=EDGE_CURVE('',#1405,#1404,#1115,.T.);
#1767=EDGE_CURVE('',#1385,#1405,#1116,.T.);
#1768=EDGE_CURVE('',#1406,#1407,#1117,.T.);
#1769=EDGE_CURVE('',#1408,#1406,#1118,.T.);
#1770=EDGE_CURVE('',#1409,#1408,#1119,.T.);
#1771=EDGE_CURVE('',#1410,#1409,#1120,.T.);
#1772=EDGE_CURVE('',#1411,#1410,#1121,.T.);
#1773=EDGE_CURVE('',#1412,#1411,#1122,.T.);
#1774=EDGE_CURVE('',#1413,#1412,#1123,.T.);
#1775=EDGE_CURVE('',#1414,#1413,#1124,.T.);
#1776=EDGE_CURVE('',#1415,#1414,#1125,.T.);
#1777=EDGE_CURVE('',#1416,#1415,#1126,.T.);
#1778=EDGE_CURVE('',#1417,#1416,#1127,.T.);
#1779=EDGE_CURVE('',#1418,#1417,#1128,.T.);
#1780=EDGE_CURVE('',#1419,#1418,#1129,.T.);
#1781=EDGE_CURVE('',#1420,#1419,#1130,.T.);
#1782=EDGE_CURVE('',#1421,#1420,#1131,.T.);
#1783=EDGE_CURVE('',#1422,#1421,#1132,.T.);
#1784=EDGE_CURVE('',#1423,#1422,#1133,.T.);
#1785=EDGE_CURVE('',#1424,#1423,#1134,.T.);
#1786=EDGE_CURVE('',#1425,#1424,#1135,.T.);
#1787=EDGE_CURVE('',#1426,#1425,#1136,.T.);
#1788=EDGE_CURVE('',#1427,#1426,#1137,.T.);
#1789=EDGE_CURVE('',#1407,#1427,#1138,.T.);
#1790=EDGE_CURVE('',#1428,#1428,#1139,.T.);
#1791=EDGE_CURVE('',#1429,#1429,#1140,.T.);
#1792=EDGE_CURVE('',#1430,#1430,#1141,.T.);
#1793=EDGE_CURVE('',#1431,#1431,#1142,.T.);
#1794=EDGE_CURVE('',#1432,#1432,#1143,.T.);
#1795=EDGE_CURVE('',#1433,#1433,#1144,.T.);
#1796=EDGE_CURVE('',#1417,#1434,#710,.T.);
#1797=EDGE_CURVE('',#1434,#1435,#1145,.T.);
#1798=EDGE_CURVE('',#1435,#1418,#711,.T.);
#1799=EDGE_CURVE('',#1416,#1436,#712,.T.);
#1800=EDGE_CURVE('',#1434,#1436,#1146,.T.);
#1801=EDGE_CURVE('',#1415,#1437,#713,.T.);
#1802=EDGE_CURVE('',#1437,#1436,#1147,.T.);
#1803=EDGE_CURVE('',#1414,#1438,#714,.T.);
#1804=EDGE_CURVE('',#1438,#1437,#1148,.T.);
#1805=EDGE_CURVE('',#1413,#1439,#715,.T.);
#1806=EDGE_CURVE('',#1439,#1438,#1149,.T.);
#1807=EDGE_CURVE('',#1440,#1412,#716,.T.);
#1808=EDGE_CURVE('',#1439,#1440,#1150,.T.);
#1809=EDGE_CURVE('',#1441,#1411,#717,.T.);
#1810=EDGE_CURVE('',#1440,#1441,#1151,.T.);
#1811=EDGE_CURVE('',#1442,#1410,#718,.T.);
#1812=EDGE_CURVE('',#1441,#1442,#1152,.T.);
#1813=EDGE_CURVE('',#1443,#1409,#719,.T.);
#1814=EDGE_CURVE('',#1442,#1443,#1153,.T.);
#1815=EDGE_CURVE('',#1408,#1444,#720,.T.);
#1816=EDGE_CURVE('',#1444,#1443,#1154,.T.);
#1817=EDGE_CURVE('',#1406,#1445,#721,.T.);
#1818=EDGE_CURVE('',#1444,#1445,#1155,.T.);
#1819=EDGE_CURVE('',#1395,#1446,#722,.T.);
#1820=EDGE_CURVE('',#1446,#1447,#1156,.T.);
#1821=EDGE_CURVE('',#1447,#1396,#723,.T.);
#1822=EDGE_CURVE('',#1394,#1448,#724,.T.);
#1823=EDGE_CURVE('',#1446,#1448,#1157,.T.);
#1824=EDGE_CURVE('',#1393,#1449,#725,.T.);
#1825=EDGE_CURVE('',#1449,#1448,#1158,.T.);
#1826=EDGE_CURVE('',#1392,#1450,#726,.T.);
#1827=EDGE_CURVE('',#1450,#1449,#1159,.T.);
#1828=EDGE_CURVE('',#1391,#1451,#727,.T.);
#1829=EDGE_CURVE('',#1451,#1450,#1160,.T.);
#1830=EDGE_CURVE('',#1452,#1390,#728,.T.);
#1831=EDGE_CURVE('',#1451,#1452,#1161,.T.);
#1832=EDGE_CURVE('',#1453,#1389,#729,.T.);
#1833=EDGE_CURVE('',#1452,#1453,#1162,.T.);
#1834=EDGE_CURVE('',#1454,#1388,#730,.T.);
#1835=EDGE_CURVE('',#1453,#1454,#1163,.T.);
#1836=EDGE_CURVE('',#1455,#1387,#731,.T.);
#1837=EDGE_CURVE('',#1454,#1455,#1164,.T.);
#1838=EDGE_CURVE('',#1386,#1456,#732,.T.);
#1839=EDGE_CURVE('',#1456,#1455,#1165,.T.);
#1840=EDGE_CURVE('',#1384,#1457,#733,.T.);
#1841=EDGE_CURVE('',#1456,#1457,#1166,.T.);
#1842=EDGE_CURVE('',#1373,#1458,#734,.T.);
#1843=EDGE_CURVE('',#1458,#1459,#1167,.T.);
#1844=EDGE_CURVE('',#1459,#1374,#735,.T.);
#1845=EDGE_CURVE('',#1372,#1460,#736,.T.);
#1846=EDGE_CURVE('',#1458,#1460,#1168,.T.);
#1847=EDGE_CURVE('',#1371,#1461,#737,.T.);
#1848=EDGE_CURVE('',#1461,#1460,#1169,.T.);
#1849=EDGE_CURVE('',#1370,#1462,#738,.T.);
#1850=EDGE_CURVE('',#1462,#1461,#1170,.T.);
#1851=EDGE_CURVE('',#1369,#1463,#739,.T.);
#1852=EDGE_CURVE('',#1463,#1462,#1171,.T.);
#1853=EDGE_CURVE('',#1464,#1368,#740,.T.);
#1854=EDGE_CURVE('',#1463,#1464,#1172,.T.);
#1855=EDGE_CURVE('',#1465,#1367,#741,.T.);
#1856=EDGE_CURVE('',#1464,#1465,#1173,.T.);
#1857=EDGE_CURVE('',#1466,#1366,#742,.T.);
#1858=EDGE_CURVE('',#1465,#1466,#1174,.T.);
#1859=EDGE_CURVE('',#1467,#1365,#743,.T.);
#1860=EDGE_CURVE('',#1466,#1467,#1175,.T.);
#1861=EDGE_CURVE('',#1364,#1468,#744,.T.);
#1862=EDGE_CURVE('',#1468,#1467,#1176,.T.);
#1863=EDGE_CURVE('',#1362,#1469,#745,.T.);
#1864=EDGE_CURVE('',#1468,#1469,#1177,.T.);
#1865=EDGE_CURVE('',#1470,#1470,#1178,.T.);
#1866=EDGE_CURVE('',#1471,#1469,#1179,.T.);
#1867=EDGE_CURVE('',#1472,#1471,#1180,.T.);
#1868=EDGE_CURVE('',#1473,#1472,#1181,.T.);
#1869=EDGE_CURVE('',#1474,#1473,#1182,.T.);
#1870=EDGE_CURVE('',#1474,#1475,#1183,.T.);
#1871=EDGE_CURVE('',#1475,#1476,#1184,.T.);
#1872=EDGE_CURVE('',#1476,#1477,#1185,.T.);
#1873=EDGE_CURVE('',#1478,#1477,#1186,.T.);
#1874=EDGE_CURVE('',#1478,#1479,#1187,.T.);
#1875=EDGE_CURVE('',#1480,#1479,#1188,.T.);
#1876=EDGE_CURVE('',#1459,#1480,#1189,.T.);
#1877=EDGE_CURVE('',#1481,#1457,#1190,.T.);
#1878=EDGE_CURVE('',#1482,#1481,#1191,.T.);
#1879=EDGE_CURVE('',#1483,#1482,#1192,.T.);
#1880=EDGE_CURVE('',#1484,#1483,#1193,.T.);
#1881=EDGE_CURVE('',#1484,#1485,#1194,.T.);
#1882=EDGE_CURVE('',#1485,#1486,#1195,.T.);
#1883=EDGE_CURVE('',#1486,#1487,#1196,.T.);
#1884=EDGE_CURVE('',#1488,#1487,#1197,.T.);
#1885=EDGE_CURVE('',#1488,#1489,#1198,.T.);
#1886=EDGE_CURVE('',#1490,#1489,#1199,.T.);
#1887=EDGE_CURVE('',#1447,#1490,#1200,.T.);
#1888=EDGE_CURVE('',#1491,#1492,#1201,.T.);
#1889=EDGE_CURVE('',#1435,#1491,#1202,.T.);
#1890=EDGE_CURVE('',#1493,#1445,#1203,.T.);
#1891=EDGE_CURVE('',#1494,#1493,#1204,.T.);
#1892=EDGE_CURVE('',#1495,#1494,#1205,.T.);
#1893=EDGE_CURVE('',#1496,#1495,#1206,.T.);
#1894=EDGE_CURVE('',#1496,#1497,#1207,.T.);
#1895=EDGE_CURVE('',#1497,#1498,#1208,.T.);
#1896=EDGE_CURVE('',#1498,#1499,#1209,.T.);
#1897=EDGE_CURVE('',#1500,#1499,#1210,.T.);
#1898=EDGE_CURVE('',#1500,#1492,#1211,.T.);
#1899=EDGE_CURVE('',#1501,#1501,#1212,.T.);
#1900=EDGE_CURVE('',#1502,#1502,#1213,.T.);
#1901=EDGE_CURVE('',#1503,#1503,#1214,.T.);
#1902=EDGE_CURVE('',#1504,#1504,#1215,.T.);
#1903=EDGE_CURVE('',#1505,#1505,#1216,.T.);
#1904=EDGE_CURVE('',#1506,#1506,#1217,.T.);
#1905=EDGE_CURVE('',#1419,#1491,#746,.T.);
#1906=EDGE_CURVE('',#1399,#1488,#747,.T.);
#1907=EDGE_CURVE('',#1487,#1400,#748,.T.);
#1908=EDGE_CURVE('',#1486,#1401,#749,.T.);
#1909=EDGE_CURVE('',#1421,#1500,#750,.T.);
#1910=EDGE_CURVE('',#1499,#1422,#751,.T.);
#1911=EDGE_CURVE('',#1498,#1423,#752,.T.);
#1912=EDGE_CURVE('',#1492,#1420,#753,.T.);
#1913=EDGE_CURVE('',#1375,#1480,#754,.T.);
#1914=EDGE_CURVE('',#1479,#1376,#755,.T.);
#1915=EDGE_CURVE('',#1397,#1490,#756,.T.);
#1916=EDGE_CURVE('',#1489,#1398,#757,.T.);
#1917=EDGE_CURVE('',#1377,#1478,#758,.T.);
#1918=EDGE_CURVE('',#1477,#1378,#759,.T.);
#1919=EDGE_CURVE('',#1476,#1379,#760,.T.);
#1920=EDGE_CURVE('',#1433,#1503,#761,.T.);
#1921=EDGE_CURVE('',#1432,#1502,#762,.T.);
#1922=EDGE_CURVE('',#1431,#1504,#763,.T.);
#1923=EDGE_CURVE('',#1430,#1501,#764,.T.);
#1924=EDGE_CURVE('',#1429,#1505,#765,.T.);
#1925=EDGE_CURVE('',#1428,#1506,#766,.T.);
#1926=EDGE_CURVE('',#1407,#1493,#767,.T.);
#1927=EDGE_CURVE('',#1427,#1494,#768,.T.);
#1928=EDGE_CURVE('',#1426,#1495,#769,.T.);
#1929=EDGE_CURVE('',#1497,#1424,#770,.T.);
#1930=EDGE_CURVE('',#1496,#1425,#771,.T.);
#1931=EDGE_CURVE('',#1385,#1481,#772,.T.);
#1932=EDGE_CURVE('',#1405,#1482,#773,.T.);
#1933=EDGE_CURVE('',#1404,#1483,#774,.T.);
#1934=EDGE_CURVE('',#1485,#1402,#775,.T.);
#1935=EDGE_CURVE('',#1484,#1403,#776,.T.);
#1936=EDGE_CURVE('',#1363,#1471,#777,.T.);
#1937=EDGE_CURVE('',#1383,#1472,#778,.T.);
#1938=EDGE_CURVE('',#1382,#1473,#779,.T.);
#1939=EDGE_CURVE('',#1475,#1380,#780,.T.);
#1940=EDGE_CURVE('',#1474,#1381,#781,.T.);
#1941=EDGE_CURVE('',#1470,#1361,#782,.T.);
#1942=ORIENTED_EDGE('',*,*,#1507,.F.);
#1943=ORIENTED_EDGE('',*,*,#1508,.T.);
#1944=ORIENTED_EDGE('',*,*,#1509,.T.);
#1945=ORIENTED_EDGE('',*,*,#1508,.F.);
#1946=ORIENTED_EDGE('',*,*,#1510,.F.);
#1947=ORIENTED_EDGE('',*,*,#1511,.T.);
#1948=ORIENTED_EDGE('',*,*,#1512,.F.);
#1949=ORIENTED_EDGE('',*,*,#1513,.F.);
#1950=ORIENTED_EDGE('',*,*,#1514,.F.);
#1951=ORIENTED_EDGE('',*,*,#1513,.T.);
#1952=ORIENTED_EDGE('',*,*,#1515,.F.);
#1953=ORIENTED_EDGE('',*,*,#1516,.F.);
#1954=ORIENTED_EDGE('',*,*,#1517,.F.);
#1955=ORIENTED_EDGE('',*,*,#1516,.T.);
#1956=ORIENTED_EDGE('',*,*,#1518,.F.);
#1957=ORIENTED_EDGE('',*,*,#1519,.F.);
#1958=ORIENTED_EDGE('',*,*,#1520,.F.);
#1959=ORIENTED_EDGE('',*,*,#1519,.T.);
#1960=ORIENTED_EDGE('',*,*,#1521,.F.);
#1961=ORIENTED_EDGE('',*,*,#1522,.F.);
#1962=ORIENTED_EDGE('',*,*,#1523,.F.);
#1963=ORIENTED_EDGE('',*,*,#1522,.T.);
#1964=ORIENTED_EDGE('',*,*,#1524,.F.);
#1965=ORIENTED_EDGE('',*,*,#1511,.F.);
#1966=ORIENTED_EDGE('',*,*,#1524,.T.);
#1967=ORIENTED_EDGE('',*,*,#1521,.T.);
#1968=ORIENTED_EDGE('',*,*,#1518,.T.);
#1969=ORIENTED_EDGE('',*,*,#1515,.T.);
#1970=ORIENTED_EDGE('',*,*,#1512,.T.);
#1971=ORIENTED_EDGE('',*,*,#1507,.T.);
#1972=ORIENTED_EDGE('',*,*,#1523,.T.);
#1973=ORIENTED_EDGE('',*,*,#1510,.T.);
#1974=ORIENTED_EDGE('',*,*,#1514,.T.);
#1975=ORIENTED_EDGE('',*,*,#1517,.T.);
#1976=ORIENTED_EDGE('',*,*,#1520,.T.);
#1977=ORIENTED_EDGE('',*,*,#1509,.F.);
#1978=ORIENTED_EDGE('',*,*,#1525,.F.);
#1979=ORIENTED_EDGE('',*,*,#1526,.T.);
#1980=ORIENTED_EDGE('',*,*,#1527,.T.);
#1981=ORIENTED_EDGE('',*,*,#1526,.F.);
#1982=ORIENTED_EDGE('',*,*,#1528,.F.);
#1983=ORIENTED_EDGE('',*,*,#1529,.T.);
#1984=ORIENTED_EDGE('',*,*,#1530,.F.);
#1985=ORIENTED_EDGE('',*,*,#1531,.F.);
#1986=ORIENTED_EDGE('',*,*,#1532,.F.);
#1987=ORIENTED_EDGE('',*,*,#1531,.T.);
#1988=ORIENTED_EDGE('',*,*,#1533,.F.);
#1989=ORIENTED_EDGE('',*,*,#1534,.F.);
#1990=ORIENTED_EDGE('',*,*,#1535,.F.);
#1991=ORIENTED_EDGE('',*,*,#1534,.T.);
#1992=ORIENTED_EDGE('',*,*,#1536,.F.);
#1993=ORIENTED_EDGE('',*,*,#1537,.F.);
#1994=ORIENTED_EDGE('',*,*,#1538,.F.);
#1995=ORIENTED_EDGE('',*,*,#1537,.T.);
#1996=ORIENTED_EDGE('',*,*,#1539,.F.);
#1997=ORIENTED_EDGE('',*,*,#1529,.F.);
#1998=ORIENTED_EDGE('',*,*,#1539,.T.);
#1999=ORIENTED_EDGE('',*,*,#1536,.T.);
#2000=ORIENTED_EDGE('',*,*,#1533,.T.);
#2001=ORIENTED_EDGE('',*,*,#1530,.T.);
#2002=ORIENTED_EDGE('',*,*,#1525,.T.);
#2003=ORIENTED_EDGE('',*,*,#1538,.T.);
#2004=ORIENTED_EDGE('',*,*,#1528,.T.);
#2005=ORIENTED_EDGE('',*,*,#1532,.T.);
#2006=ORIENTED_EDGE('',*,*,#1535,.T.);
#2007=ORIENTED_EDGE('',*,*,#1527,.F.);
#2008=ORIENTED_EDGE('',*,*,#1540,.F.);
#2009=ORIENTED_EDGE('',*,*,#1541,.T.);
#2010=ORIENTED_EDGE('',*,*,#1542,.T.);
#2011=ORIENTED_EDGE('',*,*,#1541,.F.);
#2012=ORIENTED_EDGE('',*,*,#1543,.F.);
#2013=ORIENTED_EDGE('',*,*,#1544,.T.);
#2014=ORIENTED_EDGE('',*,*,#1545,.F.);
#2015=ORIENTED_EDGE('',*,*,#1546,.F.);
#2016=ORIENTED_EDGE('',*,*,#1547,.F.);
#2017=ORIENTED_EDGE('',*,*,#1546,.T.);
#2018=ORIENTED_EDGE('',*,*,#1548,.F.);
#2019=ORIENTED_EDGE('',*,*,#1549,.F.);
#2020=ORIENTED_EDGE('',*,*,#1550,.F.);
#2021=ORIENTED_EDGE('',*,*,#1549,.T.);
#2022=ORIENTED_EDGE('',*,*,#1551,.F.);
#2023=ORIENTED_EDGE('',*,*,#1552,.F.);
#2024=ORIENTED_EDGE('',*,*,#1553,.F.);
#2025=ORIENTED_EDGE('',*,*,#1552,.T.);
#2026=ORIENTED_EDGE('',*,*,#1554,.F.);
#2027=ORIENTED_EDGE('',*,*,#1544,.F.);
#2028=ORIENTED_EDGE('',*,*,#1554,.T.);
#2029=ORIENTED_EDGE('',*,*,#1551,.T.);
#2030=ORIENTED_EDGE('',*,*,#1548,.T.);
#2031=ORIENTED_EDGE('',*,*,#1545,.T.);
#2032=ORIENTED_EDGE('',*,*,#1540,.T.);
#2033=ORIENTED_EDGE('',*,*,#1553,.T.);
#2034=ORIENTED_EDGE('',*,*,#1543,.T.);
#2035=ORIENTED_EDGE('',*,*,#1547,.T.);
#2036=ORIENTED_EDGE('',*,*,#1550,.T.);
#2037=ORIENTED_EDGE('',*,*,#1542,.F.);
#2038=ORIENTED_EDGE('',*,*,#1555,.F.);
#2039=ORIENTED_EDGE('',*,*,#1556,.T.);
#2040=ORIENTED_EDGE('',*,*,#1557,.F.);
#2041=ORIENTED_EDGE('',*,*,#1558,.F.);
#2042=ORIENTED_EDGE('',*,*,#1559,.F.);
#2043=ORIENTED_EDGE('',*,*,#1558,.T.);
#2044=ORIENTED_EDGE('',*,*,#1560,.F.);
#2045=ORIENTED_EDGE('',*,*,#1561,.F.);
#2046=ORIENTED_EDGE('',*,*,#1562,.T.);
#2047=ORIENTED_EDGE('',*,*,#1561,.T.);
#2048=ORIENTED_EDGE('',*,*,#1563,.F.);
#2049=ORIENTED_EDGE('',*,*,#1564,.F.);
#2050=ORIENTED_EDGE('',*,*,#1565,.T.);
#2051=ORIENTED_EDGE('',*,*,#1564,.T.);
#2052=ORIENTED_EDGE('',*,*,#1566,.F.);
#2053=ORIENTED_EDGE('',*,*,#1556,.F.);
#2054=ORIENTED_EDGE('',*,*,#1566,.T.);
#2055=ORIENTED_EDGE('',*,*,#1563,.T.);
#2056=ORIENTED_EDGE('',*,*,#1560,.T.);
#2057=ORIENTED_EDGE('',*,*,#1557,.T.);
#2058=ORIENTED_EDGE('',*,*,#1565,.F.);
#2059=ORIENTED_EDGE('',*,*,#1555,.T.);
#2060=ORIENTED_EDGE('',*,*,#1559,.T.);
#2061=ORIENTED_EDGE('',*,*,#1562,.F.);
#2062=ORIENTED_EDGE('',*,*,#1567,.F.);
#2063=ORIENTED_EDGE('',*,*,#1568,.F.);
#2064=ORIENTED_EDGE('',*,*,#1569,.F.);
#2065=ORIENTED_EDGE('',*,*,#1570,.F.);
#2066=ORIENTED_EDGE('',*,*,#1571,.T.);
#2067=ORIENTED_EDGE('',*,*,#1568,.T.);
#2068=ORIENTED_EDGE('',*,*,#1572,.F.);
#2069=ORIENTED_EDGE('',*,*,#1573,.F.);
#2070=ORIENTED_EDGE('',*,*,#1569,.T.);
#2071=ORIENTED_EDGE('',*,*,#1571,.F.);
#2072=ORIENTED_EDGE('',*,*,#1574,.F.);
#2073=ORIENTED_EDGE('',*,*,#1567,.T.);
#2074=ORIENTED_EDGE('',*,*,#1573,.T.);
#2075=ORIENTED_EDGE('',*,*,#1575,.F.);
#2076=ORIENTED_EDGE('',*,*,#1576,.T.);
#2077=ORIENTED_EDGE('',*,*,#1577,.F.);
#2078=ORIENTED_EDGE('',*,*,#1578,.F.);
#2079=ORIENTED_EDGE('',*,*,#1579,.T.);
#2080=ORIENTED_EDGE('',*,*,#1572,.T.);
#2081=ORIENTED_EDGE('',*,*,#1578,.T.);
#2082=ORIENTED_EDGE('',*,*,#1580,.F.);
#2083=ORIENTED_EDGE('',*,*,#1581,.F.);
#2084=ORIENTED_EDGE('',*,*,#1582,.T.);
#2085=ORIENTED_EDGE('',*,*,#1581,.T.);
#2086=ORIENTED_EDGE('',*,*,#1583,.F.);
#2087=ORIENTED_EDGE('',*,*,#1584,.F.);
#2088=ORIENTED_EDGE('',*,*,#1585,.T.);
#2089=ORIENTED_EDGE('',*,*,#1584,.T.);
#2090=ORIENTED_EDGE('',*,*,#1586,.F.);
#2091=ORIENTED_EDGE('',*,*,#1576,.F.);
#2092=ORIENTED_EDGE('',*,*,#1586,.T.);
#2093=ORIENTED_EDGE('',*,*,#1583,.T.);
#2094=ORIENTED_EDGE('',*,*,#1580,.T.);
#2095=ORIENTED_EDGE('',*,*,#1577,.T.);
#2096=ORIENTED_EDGE('',*,*,#1570,.T.);
#2097=ORIENTED_EDGE('',*,*,#1579,.F.);
#2098=ORIENTED_EDGE('',*,*,#1582,.F.);
#2099=ORIENTED_EDGE('',*,*,#1585,.F.);
#2100=ORIENTED_EDGE('',*,*,#1575,.T.);
#2101=ORIENTED_EDGE('',*,*,#1574,.T.);
#2102=ORIENTED_EDGE('',*,*,#1587,.F.);
#2103=ORIENTED_EDGE('',*,*,#1588,.F.);
#2104=ORIENTED_EDGE('',*,*,#1589,.F.);
#2105=ORIENTED_EDGE('',*,*,#1590,.F.);
#2106=ORIENTED_EDGE('',*,*,#1591,.T.);
#2107=ORIENTED_EDGE('',*,*,#1588,.T.);
#2108=ORIENTED_EDGE('',*,*,#1592,.F.);
#2109=ORIENTED_EDGE('',*,*,#1593,.F.);
#2110=ORIENTED_EDGE('',*,*,#1589,.T.);
#2111=ORIENTED_EDGE('',*,*,#1591,.F.);
#2112=ORIENTED_EDGE('',*,*,#1594,.F.);
#2113=ORIENTED_EDGE('',*,*,#1587,.T.);
#2114=ORIENTED_EDGE('',*,*,#1593,.T.);
#2115=ORIENTED_EDGE('',*,*,#1595,.F.);
#2116=ORIENTED_EDGE('',*,*,#1596,.T.);
#2117=ORIENTED_EDGE('',*,*,#1597,.F.);
#2118=ORIENTED_EDGE('',*,*,#1598,.F.);
#2119=ORIENTED_EDGE('',*,*,#1599,.T.);
#2120=ORIENTED_EDGE('',*,*,#1592,.T.);
#2121=ORIENTED_EDGE('',*,*,#1598,.T.);
#2122=ORIENTED_EDGE('',*,*,#1600,.F.);
#2123=ORIENTED_EDGE('',*,*,#1601,.F.);
#2124=ORIENTED_EDGE('',*,*,#1602,.T.);
#2125=ORIENTED_EDGE('',*,*,#1601,.T.);
#2126=ORIENTED_EDGE('',*,*,#1603,.F.);
#2127=ORIENTED_EDGE('',*,*,#1604,.F.);
#2128=ORIENTED_EDGE('',*,*,#1605,.T.);
#2129=ORIENTED_EDGE('',*,*,#1604,.T.);
#2130=ORIENTED_EDGE('',*,*,#1606,.F.);
#2131=ORIENTED_EDGE('',*,*,#1596,.F.);
#2132=ORIENTED_EDGE('',*,*,#1606,.T.);
#2133=ORIENTED_EDGE('',*,*,#1603,.T.);
#2134=ORIENTED_EDGE('',*,*,#1600,.T.);
#2135=ORIENTED_EDGE('',*,*,#1597,.T.);
#2136=ORIENTED_EDGE('',*,*,#1590,.T.);
#2137=ORIENTED_EDGE('',*,*,#1599,.F.);
#2138=ORIENTED_EDGE('',*,*,#1602,.F.);
#2139=ORIENTED_EDGE('',*,*,#1605,.F.);
#2140=ORIENTED_EDGE('',*,*,#1595,.T.);
#2141=ORIENTED_EDGE('',*,*,#1594,.T.);
#2142=ORIENTED_EDGE('',*,*,#1607,.F.);
#2143=ORIENTED_EDGE('',*,*,#1608,.F.);
#2144=ORIENTED_EDGE('',*,*,#1609,.F.);
#2145=ORIENTED_EDGE('',*,*,#1610,.F.);
#2146=ORIENTED_EDGE('',*,*,#1611,.T.);
#2147=ORIENTED_EDGE('',*,*,#1608,.T.);
#2148=ORIENTED_EDGE('',*,*,#1612,.F.);
#2149=ORIENTED_EDGE('',*,*,#1613,.F.);
#2150=ORIENTED_EDGE('',*,*,#1609,.T.);
#2151=ORIENTED_EDGE('',*,*,#1611,.F.);
#2152=ORIENTED_EDGE('',*,*,#1614,.F.);
#2153=ORIENTED_EDGE('',*,*,#1607,.T.);
#2154=ORIENTED_EDGE('',*,*,#1613,.T.);
#2155=ORIENTED_EDGE('',*,*,#1615,.F.);
#2156=ORIENTED_EDGE('',*,*,#1616,.T.);
#2157=ORIENTED_EDGE('',*,*,#1617,.F.);
#2158=ORIENTED_EDGE('',*,*,#1618,.F.);
#2159=ORIENTED_EDGE('',*,*,#1619,.T.);
#2160=ORIENTED_EDGE('',*,*,#1612,.T.);
#2161=ORIENTED_EDGE('',*,*,#1618,.T.);
#2162=ORIENTED_EDGE('',*,*,#1620,.F.);
#2163=ORIENTED_EDGE('',*,*,#1621,.F.);
#2164=ORIENTED_EDGE('',*,*,#1622,.T.);
#2165=ORIENTED_EDGE('',*,*,#1621,.T.);
#2166=ORIENTED_EDGE('',*,*,#1623,.F.);
#2167=ORIENTED_EDGE('',*,*,#1624,.F.);
#2168=ORIENTED_EDGE('',*,*,#1625,.T.);
#2169=ORIENTED_EDGE('',*,*,#1624,.T.);
#2170=ORIENTED_EDGE('',*,*,#1626,.F.);
#2171=ORIENTED_EDGE('',*,*,#1616,.F.);
#2172=ORIENTED_EDGE('',*,*,#1626,.T.);
#2173=ORIENTED_EDGE('',*,*,#1623,.T.);
#2174=ORIENTED_EDGE('',*,*,#1620,.T.);
#2175=ORIENTED_EDGE('',*,*,#1617,.T.);
#2176=ORIENTED_EDGE('',*,*,#1610,.T.);
#2177=ORIENTED_EDGE('',*,*,#1619,.F.);
#2178=ORIENTED_EDGE('',*,*,#1622,.F.);
#2179=ORIENTED_EDGE('',*,*,#1625,.F.);
#2180=ORIENTED_EDGE('',*,*,#1615,.T.);
#2181=ORIENTED_EDGE('',*,*,#1614,.T.);
#2182=ORIENTED_EDGE('',*,*,#1627,.F.);
#2183=ORIENTED_EDGE('',*,*,#1628,.T.);
#2184=ORIENTED_EDGE('',*,*,#1629,.F.);
#2185=ORIENTED_EDGE('',*,*,#1630,.F.);
#2186=ORIENTED_EDGE('',*,*,#1631,.T.);
#2187=ORIENTED_EDGE('',*,*,#1630,.T.);
#2188=ORIENTED_EDGE('',*,*,#1632,.F.);
#2189=ORIENTED_EDGE('',*,*,#1633,.F.);
#2190=ORIENTED_EDGE('',*,*,#1634,.T.);
#2191=ORIENTED_EDGE('',*,*,#1633,.T.);
#2192=ORIENTED_EDGE('',*,*,#1635,.F.);
#2193=ORIENTED_EDGE('',*,*,#1636,.F.);
#2194=ORIENTED_EDGE('',*,*,#1637,.F.);
#2195=ORIENTED_EDGE('',*,*,#1636,.T.);
#2196=ORIENTED_EDGE('',*,*,#1638,.F.);
#2197=ORIENTED_EDGE('',*,*,#1628,.F.);
#2198=ORIENTED_EDGE('',*,*,#1638,.T.);
#2199=ORIENTED_EDGE('',*,*,#1635,.T.);
#2200=ORIENTED_EDGE('',*,*,#1632,.T.);
#2201=ORIENTED_EDGE('',*,*,#1629,.T.);
#2202=ORIENTED_EDGE('',*,*,#1637,.T.);
#2203=ORIENTED_EDGE('',*,*,#1627,.T.);
#2204=ORIENTED_EDGE('',*,*,#1631,.F.);
#2205=ORIENTED_EDGE('',*,*,#1634,.F.);
#2206=ORIENTED_EDGE('',*,*,#1639,.F.);
#2207=ORIENTED_EDGE('',*,*,#1640,.T.);
#2208=ORIENTED_EDGE('',*,*,#1641,.F.);
#2209=ORIENTED_EDGE('',*,*,#1642,.F.);
#2210=ORIENTED_EDGE('',*,*,#1643,.T.);
#2211=ORIENTED_EDGE('',*,*,#1642,.T.);
#2212=ORIENTED_EDGE('',*,*,#1644,.F.);
#2213=ORIENTED_EDGE('',*,*,#1645,.F.);
#2214=ORIENTED_EDGE('',*,*,#1646,.T.);
#2215=ORIENTED_EDGE('',*,*,#1645,.T.);
#2216=ORIENTED_EDGE('',*,*,#1647,.F.);
#2217=ORIENTED_EDGE('',*,*,#1648,.F.);
#2218=ORIENTED_EDGE('',*,*,#1649,.F.);
#2219=ORIENTED_EDGE('',*,*,#1648,.T.);
#2220=ORIENTED_EDGE('',*,*,#1650,.F.);
#2221=ORIENTED_EDGE('',*,*,#1640,.F.);
#2222=ORIENTED_EDGE('',*,*,#1650,.T.);
#2223=ORIENTED_EDGE('',*,*,#1647,.T.);
#2224=ORIENTED_EDGE('',*,*,#1644,.T.);
#2225=ORIENTED_EDGE('',*,*,#1641,.T.);
#2226=ORIENTED_EDGE('',*,*,#1649,.T.);
#2227=ORIENTED_EDGE('',*,*,#1639,.T.);
#2228=ORIENTED_EDGE('',*,*,#1643,.F.);
#2229=ORIENTED_EDGE('',*,*,#1646,.F.);
#2230=ORIENTED_EDGE('',*,*,#1651,.T.);
#2231=ORIENTED_EDGE('',*,*,#1652,.F.);
#2232=ORIENTED_EDGE('',*,*,#1653,.T.);
#2233=ORIENTED_EDGE('',*,*,#1654,.T.);
#2234=ORIENTED_EDGE('',*,*,#1655,.T.);
#2235=ORIENTED_EDGE('',*,*,#1656,.T.);
#2236=ORIENTED_EDGE('',*,*,#1652,.T.);
#2237=ORIENTED_EDGE('',*,*,#1657,.T.);
#2238=ORIENTED_EDGE('',*,*,#1658,.F.);
#2239=ORIENTED_EDGE('',*,*,#1659,.F.);
#2240=ORIENTED_EDGE('',*,*,#1655,.F.);
#2241=ORIENTED_EDGE('',*,*,#1660,.T.);
#2242=ORIENTED_EDGE('',*,*,#1661,.F.);
#2243=ORIENTED_EDGE('',*,*,#1662,.F.);
#2244=ORIENTED_EDGE('',*,*,#1663,.T.);
#2245=ORIENTED_EDGE('',*,*,#1664,.T.);
#2246=ORIENTED_EDGE('',*,*,#1665,.F.);
#2247=ORIENTED_EDGE('',*,*,#1660,.F.);
#2248=ORIENTED_EDGE('',*,*,#1654,.F.);
#2249=ORIENTED_EDGE('',*,*,#1666,.T.);
#2250=ORIENTED_EDGE('',*,*,#1667,.F.);
#2251=ORIENTED_EDGE('',*,*,#1663,.F.);
#2252=ORIENTED_EDGE('',*,*,#1668,.F.);
#2253=ORIENTED_EDGE('',*,*,#1658,.T.);
#2254=ORIENTED_EDGE('',*,*,#1669,.F.);
#2255=ORIENTED_EDGE('',*,*,#1670,.F.);
#2256=ORIENTED_EDGE('',*,*,#1671,.T.);
#2257=ORIENTED_EDGE('',*,*,#1672,.T.);
#2258=ORIENTED_EDGE('',*,*,#1661,.T.);
#2259=ORIENTED_EDGE('',*,*,#1665,.T.);
#2260=ORIENTED_EDGE('',*,*,#1667,.T.);
#2261=ORIENTED_EDGE('',*,*,#1673,.T.);
#2262=ORIENTED_EDGE('',*,*,#1671,.F.);
#2263=ORIENTED_EDGE('',*,*,#1664,.F.);
#2264=ORIENTED_EDGE('',*,*,#1670,.T.);
#2265=ORIENTED_EDGE('',*,*,#1674,.T.);
#2266=ORIENTED_EDGE('',*,*,#1656,.F.);
#2267=ORIENTED_EDGE('',*,*,#1662,.T.);
#2268=ORIENTED_EDGE('',*,*,#1672,.F.);
#2269=ORIENTED_EDGE('',*,*,#1673,.F.);
#2270=ORIENTED_EDGE('',*,*,#1653,.F.);
#2271=ORIENTED_EDGE('',*,*,#1659,.T.);
#2272=ORIENTED_EDGE('',*,*,#1668,.T.);
#2273=ORIENTED_EDGE('',*,*,#1666,.F.);
#2274=ORIENTED_EDGE('',*,*,#1651,.F.);
#2275=ORIENTED_EDGE('',*,*,#1674,.F.);
#2276=ORIENTED_EDGE('',*,*,#1669,.T.);
#2277=ORIENTED_EDGE('',*,*,#1657,.F.);
#2278=ORIENTED_EDGE('',*,*,#1675,.F.);
#2279=ORIENTED_EDGE('',*,*,#1676,.T.);
#2280=ORIENTED_EDGE('',*,*,#1677,.T.);
#2281=ORIENTED_EDGE('',*,*,#1678,.F.);
#2282=ORIENTED_EDGE('',*,*,#1679,.F.);
#2283=ORIENTED_EDGE('',*,*,#1680,.F.);
#2284=ORIENTED_EDGE('',*,*,#1681,.T.);
#2285=ORIENTED_EDGE('',*,*,#1682,.F.);
#2286=ORIENTED_EDGE('',*,*,#1683,.T.);
#2287=ORIENTED_EDGE('',*,*,#1680,.T.);
#2288=ORIENTED_EDGE('',*,*,#1684,.F.);
#2289=ORIENTED_EDGE('',*,*,#1685,.T.);
#2290=ORIENTED_EDGE('',*,*,#1686,.F.);
#2291=ORIENTED_EDGE('',*,*,#1687,.F.);
#2292=ORIENTED_EDGE('',*,*,#1688,.T.);
#2293=ORIENTED_EDGE('',*,*,#1687,.T.);
#2294=ORIENTED_EDGE('',*,*,#1689,.F.);
#2295=ORIENTED_EDGE('',*,*,#1690,.F.);
#2296=ORIENTED_EDGE('',*,*,#1686,.T.);
#2297=ORIENTED_EDGE('',*,*,#1691,.T.);
#2298=ORIENTED_EDGE('',*,*,#1692,.T.);
#2299=ORIENTED_EDGE('',*,*,#1689,.T.);
#2300=ORIENTED_EDGE('',*,*,#1688,.F.);
#2301=ORIENTED_EDGE('',*,*,#1693,.F.);
#2302=ORIENTED_EDGE('',*,*,#1677,.F.);
#2303=ORIENTED_EDGE('',*,*,#1694,.T.);
#2304=ORIENTED_EDGE('',*,*,#1681,.F.);
#2305=ORIENTED_EDGE('',*,*,#1683,.F.);
#2306=ORIENTED_EDGE('',*,*,#1693,.T.);
#2307=ORIENTED_EDGE('',*,*,#1690,.T.);
#2308=ORIENTED_EDGE('',*,*,#1692,.F.);
#2309=ORIENTED_EDGE('',*,*,#1695,.F.);
#2310=ORIENTED_EDGE('',*,*,#1696,.F.);
#2311=ORIENTED_EDGE('',*,*,#1678,.T.);
#2312=ORIENTED_EDGE('',*,*,#1697,.F.);
#2313=ORIENTED_EDGE('',*,*,#1695,.T.);
#2314=ORIENTED_EDGE('',*,*,#1691,.F.);
#2315=ORIENTED_EDGE('',*,*,#1685,.F.);
#2316=ORIENTED_EDGE('',*,*,#1698,.T.);
#2317=ORIENTED_EDGE('',*,*,#1682,.T.);
#2318=ORIENTED_EDGE('',*,*,#1694,.F.);
#2319=ORIENTED_EDGE('',*,*,#1676,.F.);
#2320=ORIENTED_EDGE('',*,*,#1675,.T.);
#2321=ORIENTED_EDGE('',*,*,#1696,.T.);
#2322=ORIENTED_EDGE('',*,*,#1697,.T.);
#2323=ORIENTED_EDGE('',*,*,#1684,.T.);
#2324=ORIENTED_EDGE('',*,*,#1679,.T.);
#2325=ORIENTED_EDGE('',*,*,#1698,.F.);
#2326=ORIENTED_EDGE('',*,*,#1699,.T.);
#2327=ORIENTED_EDGE('',*,*,#1700,.T.);
#2328=ORIENTED_EDGE('',*,*,#1701,.T.);
#2329=ORIENTED_EDGE('',*,*,#1702,.T.);
#2330=ORIENTED_EDGE('',*,*,#1703,.T.);
#2331=ORIENTED_EDGE('',*,*,#1704,.F.);
#2332=ORIENTED_EDGE('',*,*,#1704,.T.);
#2333=ORIENTED_EDGE('',*,*,#1705,.T.);
#2334=ORIENTED_EDGE('',*,*,#1706,.F.);
#2335=ORIENTED_EDGE('',*,*,#1707,.F.);
#2336=ORIENTED_EDGE('',*,*,#1701,.F.);
#2337=ORIENTED_EDGE('',*,*,#1708,.T.);
#2338=ORIENTED_EDGE('',*,*,#1709,.F.);
#2339=ORIENTED_EDGE('',*,*,#1710,.F.);
#2340=ORIENTED_EDGE('',*,*,#1711,.T.);
#2341=ORIENTED_EDGE('',*,*,#1712,.T.);
#2342=ORIENTED_EDGE('',*,*,#1713,.F.);
#2343=ORIENTED_EDGE('',*,*,#1708,.F.);
#2344=ORIENTED_EDGE('',*,*,#1700,.F.);
#2345=ORIENTED_EDGE('',*,*,#1714,.T.);
#2346=ORIENTED_EDGE('',*,*,#1715,.F.);
#2347=ORIENTED_EDGE('',*,*,#1711,.F.);
#2348=ORIENTED_EDGE('',*,*,#1716,.F.);
#2349=ORIENTED_EDGE('',*,*,#1706,.T.);
#2350=ORIENTED_EDGE('',*,*,#1717,.F.);
#2351=ORIENTED_EDGE('',*,*,#1718,.F.);
#2352=ORIENTED_EDGE('',*,*,#1719,.T.);
#2353=ORIENTED_EDGE('',*,*,#1709,.T.);
#2354=ORIENTED_EDGE('',*,*,#1713,.T.);
#2355=ORIENTED_EDGE('',*,*,#1720,.T.);
#2356=ORIENTED_EDGE('',*,*,#1715,.T.);
#2357=ORIENTED_EDGE('',*,*,#1721,.T.);
#2358=ORIENTED_EDGE('',*,*,#1720,.F.);
#2359=ORIENTED_EDGE('',*,*,#1712,.F.);
#2360=ORIENTED_EDGE('',*,*,#1718,.T.);
#2361=ORIENTED_EDGE('',*,*,#1722,.T.);
#2362=ORIENTED_EDGE('',*,*,#1702,.F.);
#2363=ORIENTED_EDGE('',*,*,#1710,.T.);
#2364=ORIENTED_EDGE('',*,*,#1719,.F.);
#2365=ORIENTED_EDGE('',*,*,#1721,.F.);
#2366=ORIENTED_EDGE('',*,*,#1703,.F.);
#2367=ORIENTED_EDGE('',*,*,#1722,.F.);
#2368=ORIENTED_EDGE('',*,*,#1717,.T.);
#2369=ORIENTED_EDGE('',*,*,#1705,.F.);
#2370=ORIENTED_EDGE('',*,*,#1699,.F.);
#2371=ORIENTED_EDGE('',*,*,#1707,.T.);
#2372=ORIENTED_EDGE('',*,*,#1716,.T.);
#2373=ORIENTED_EDGE('',*,*,#1714,.F.);
#2374=ORIENTED_EDGE('',*,*,#1723,.F.);
#2375=ORIENTED_EDGE('',*,*,#1724,.F.);
#2376=ORIENTED_EDGE('',*,*,#1725,.F.);
#2377=ORIENTED_EDGE('',*,*,#1726,.F.);
#2378=ORIENTED_EDGE('',*,*,#1727,.F.);
#2379=ORIENTED_EDGE('',*,*,#1728,.F.);
#2380=ORIENTED_EDGE('',*,*,#1729,.F.);
#2381=ORIENTED_EDGE('',*,*,#1730,.F.);
#2382=ORIENTED_EDGE('',*,*,#1731,.F.);
#2383=ORIENTED_EDGE('',*,*,#1732,.F.);
#2384=ORIENTED_EDGE('',*,*,#1733,.F.);
#2385=ORIENTED_EDGE('',*,*,#1734,.F.);
#2386=ORIENTED_EDGE('',*,*,#1735,.F.);
#2387=ORIENTED_EDGE('',*,*,#1736,.F.);
#2388=ORIENTED_EDGE('',*,*,#1737,.F.);
#2389=ORIENTED_EDGE('',*,*,#1738,.F.);
#2390=ORIENTED_EDGE('',*,*,#1739,.F.);
#2391=ORIENTED_EDGE('',*,*,#1740,.F.);
#2392=ORIENTED_EDGE('',*,*,#1741,.F.);
#2393=ORIENTED_EDGE('',*,*,#1742,.F.);
#2394=ORIENTED_EDGE('',*,*,#1743,.F.);
#2395=ORIENTED_EDGE('',*,*,#1744,.F.);
#2396=ORIENTED_EDGE('',*,*,#1745,.F.);
#2397=ORIENTED_EDGE('',*,*,#1746,.F.);
#2398=ORIENTED_EDGE('',*,*,#1747,.F.);
#2399=ORIENTED_EDGE('',*,*,#1748,.F.);
#2400=ORIENTED_EDGE('',*,*,#1749,.F.);
#2401=ORIENTED_EDGE('',*,*,#1750,.F.);
#2402=ORIENTED_EDGE('',*,*,#1751,.F.);
#2403=ORIENTED_EDGE('',*,*,#1752,.F.);
#2404=ORIENTED_EDGE('',*,*,#1753,.F.);
#2405=ORIENTED_EDGE('',*,*,#1754,.F.);
#2406=ORIENTED_EDGE('',*,*,#1755,.F.);
#2407=ORIENTED_EDGE('',*,*,#1756,.F.);
#2408=ORIENTED_EDGE('',*,*,#1757,.F.);
#2409=ORIENTED_EDGE('',*,*,#1758,.F.);
#2410=ORIENTED_EDGE('',*,*,#1759,.F.);
#2411=ORIENTED_EDGE('',*,*,#1760,.F.);
#2412=ORIENTED_EDGE('',*,*,#1761,.F.);
#2413=ORIENTED_EDGE('',*,*,#1762,.F.);
#2414=ORIENTED_EDGE('',*,*,#1763,.F.);
#2415=ORIENTED_EDGE('',*,*,#1764,.F.);
#2416=ORIENTED_EDGE('',*,*,#1765,.F.);
#2417=ORIENTED_EDGE('',*,*,#1766,.F.);
#2418=ORIENTED_EDGE('',*,*,#1767,.F.);
#2419=ORIENTED_EDGE('',*,*,#1768,.F.);
#2420=ORIENTED_EDGE('',*,*,#1769,.F.);
#2421=ORIENTED_EDGE('',*,*,#1770,.F.);
#2422=ORIENTED_EDGE('',*,*,#1771,.F.);
#2423=ORIENTED_EDGE('',*,*,#1772,.F.);
#2424=ORIENTED_EDGE('',*,*,#1773,.F.);
#2425=ORIENTED_EDGE('',*,*,#1774,.F.);
#2426=ORIENTED_EDGE('',*,*,#1775,.F.);
#2427=ORIENTED_EDGE('',*,*,#1776,.F.);
#2428=ORIENTED_EDGE('',*,*,#1777,.F.);
#2429=ORIENTED_EDGE('',*,*,#1778,.F.);
#2430=ORIENTED_EDGE('',*,*,#1779,.F.);
#2431=ORIENTED_EDGE('',*,*,#1780,.F.);
#2432=ORIENTED_EDGE('',*,*,#1781,.F.);
#2433=ORIENTED_EDGE('',*,*,#1782,.F.);
#2434=ORIENTED_EDGE('',*,*,#1783,.F.);
#2435=ORIENTED_EDGE('',*,*,#1784,.F.);
#2436=ORIENTED_EDGE('',*,*,#1785,.F.);
#2437=ORIENTED_EDGE('',*,*,#1786,.F.);
#2438=ORIENTED_EDGE('',*,*,#1787,.F.);
#2439=ORIENTED_EDGE('',*,*,#1788,.F.);
#2440=ORIENTED_EDGE('',*,*,#1789,.F.);
#2441=ORIENTED_EDGE('',*,*,#1790,.F.);
#2442=ORIENTED_EDGE('',*,*,#1791,.F.);
#2443=ORIENTED_EDGE('',*,*,#1792,.F.);
#2444=ORIENTED_EDGE('',*,*,#1793,.F.);
#2445=ORIENTED_EDGE('',*,*,#1794,.F.);
#2446=ORIENTED_EDGE('',*,*,#1795,.F.);
#2447=ORIENTED_EDGE('',*,*,#1779,.T.);
#2448=ORIENTED_EDGE('',*,*,#1796,.T.);
#2449=ORIENTED_EDGE('',*,*,#1797,.T.);
#2450=ORIENTED_EDGE('',*,*,#1798,.T.);
#2451=ORIENTED_EDGE('',*,*,#1778,.T.);
#2452=ORIENTED_EDGE('',*,*,#1799,.T.);
#2453=ORIENTED_EDGE('',*,*,#1800,.F.);
#2454=ORIENTED_EDGE('',*,*,#1796,.F.);
#2455=ORIENTED_EDGE('',*,*,#1777,.T.);
#2456=ORIENTED_EDGE('',*,*,#1801,.T.);
#2457=ORIENTED_EDGE('',*,*,#1802,.T.);
#2458=ORIENTED_EDGE('',*,*,#1799,.F.);
#2459=ORIENTED_EDGE('',*,*,#1776,.T.);
#2460=ORIENTED_EDGE('',*,*,#1803,.T.);
#2461=ORIENTED_EDGE('',*,*,#1804,.T.);
#2462=ORIENTED_EDGE('',*,*,#1801,.F.);
#2463=ORIENTED_EDGE('',*,*,#1775,.T.);
#2464=ORIENTED_EDGE('',*,*,#1805,.T.);
#2465=ORIENTED_EDGE('',*,*,#1806,.T.);
#2466=ORIENTED_EDGE('',*,*,#1803,.F.);
#2467=ORIENTED_EDGE('',*,*,#1774,.T.);
#2468=ORIENTED_EDGE('',*,*,#1807,.F.);
#2469=ORIENTED_EDGE('',*,*,#1808,.F.);
#2470=ORIENTED_EDGE('',*,*,#1805,.F.);
#2471=ORIENTED_EDGE('',*,*,#1773,.T.);
#2472=ORIENTED_EDGE('',*,*,#1809,.F.);
#2473=ORIENTED_EDGE('',*,*,#1810,.F.);
#2474=ORIENTED_EDGE('',*,*,#1807,.T.);
#2475=ORIENTED_EDGE('',*,*,#1772,.T.);
#2476=ORIENTED_EDGE('',*,*,#1811,.F.);
#2477=ORIENTED_EDGE('',*,*,#1812,.F.);
#2478=ORIENTED_EDGE('',*,*,#1809,.T.);
#2479=ORIENTED_EDGE('',*,*,#1771,.T.);
#2480=ORIENTED_EDGE('',*,*,#1813,.F.);
#2481=ORIENTED_EDGE('',*,*,#1814,.F.);
#2482=ORIENTED_EDGE('',*,*,#1811,.T.);
#2483=ORIENTED_EDGE('',*,*,#1770,.T.);
#2484=ORIENTED_EDGE('',*,*,#1815,.T.);
#2485=ORIENTED_EDGE('',*,*,#1816,.T.);
#2486=ORIENTED_EDGE('',*,*,#1813,.T.);
#2487=ORIENTED_EDGE('',*,*,#1769,.T.);
#2488=ORIENTED_EDGE('',*,*,#1817,.T.);
#2489=ORIENTED_EDGE('',*,*,#1818,.F.);
#2490=ORIENTED_EDGE('',*,*,#1815,.F.);
#2491=ORIENTED_EDGE('',*,*,#1757,.T.);
#2492=ORIENTED_EDGE('',*,*,#1819,.T.);
#2493=ORIENTED_EDGE('',*,*,#1820,.T.);
#2494=ORIENTED_EDGE('',*,*,#1821,.T.);
#2495=ORIENTED_EDGE('',*,*,#1756,.T.);
#2496=ORIENTED_EDGE('',*,*,#1822,.T.);
#2497=ORIENTED_EDGE('',*,*,#1823,.F.);
#2498=ORIENTED_EDGE('',*,*,#1819,.F.);
#2499=ORIENTED_EDGE('',*,*,#1755,.T.);
#2500=ORIENTED_EDGE('',*,*,#1824,.T.);
#2501=ORIENTED_EDGE('',*,*,#1825,.T.);
#2502=ORIENTED_EDGE('',*,*,#1822,.F.);
#2503=ORIENTED_EDGE('',*,*,#1754,.T.);
#2504=ORIENTED_EDGE('',*,*,#1826,.T.);
#2505=ORIENTED_EDGE('',*,*,#1827,.T.);
#2506=ORIENTED_EDGE('',*,*,#1824,.F.);
#2507=ORIENTED_EDGE('',*,*,#1753,.T.);
#2508=ORIENTED_EDGE('',*,*,#1828,.T.);
#2509=ORIENTED_EDGE('',*,*,#1829,.T.);
#2510=ORIENTED_EDGE('',*,*,#1826,.F.);
#2511=ORIENTED_EDGE('',*,*,#1752,.T.);
#2512=ORIENTED_EDGE('',*,*,#1830,.F.);
#2513=ORIENTED_EDGE('',*,*,#1831,.F.);
#2514=ORIENTED_EDGE('',*,*,#1828,.F.);
#2515=ORIENTED_EDGE('',*,*,#1751,.T.);
#2516=ORIENTED_EDGE('',*,*,#1832,.F.);
#2517=ORIENTED_EDGE('',*,*,#1833,.F.);
#2518=ORIENTED_EDGE('',*,*,#1830,.T.);
#2519=ORIENTED_EDGE('',*,*,#1750,.T.);
#2520=ORIENTED_EDGE('',*,*,#1834,.F.);
#2521=ORIENTED_EDGE('',*,*,#1835,.F.);
#2522=ORIENTED_EDGE('',*,*,#1832,.T.);
#2523=ORIENTED_EDGE('',*,*,#1749,.T.);
#2524=ORIENTED_EDGE('',*,*,#1836,.F.);
#2525=ORIENTED_EDGE('',*,*,#1837,.F.);
#2526=ORIENTED_EDGE('',*,*,#1834,.T.);
#2527=ORIENTED_EDGE('',*,*,#1748,.T.);
#2528=ORIENTED_EDGE('',*,*,#1838,.T.);
#2529=ORIENTED_EDGE('',*,*,#1839,.T.);
#2530=ORIENTED_EDGE('',*,*,#1836,.T.);
#2531=ORIENTED_EDGE('',*,*,#1747,.T.);
#2532=ORIENTED_EDGE('',*,*,#1840,.T.);
#2533=ORIENTED_EDGE('',*,*,#1841,.F.);
#2534=ORIENTED_EDGE('',*,*,#1838,.F.);
#2535=ORIENTED_EDGE('',*,*,#1735,.T.);
#2536=ORIENTED_EDGE('',*,*,#1842,.T.);
#2537=ORIENTED_EDGE('',*,*,#1843,.T.);
#2538=ORIENTED_EDGE('',*,*,#1844,.T.);
#2539=ORIENTED_EDGE('',*,*,#1734,.T.);
#2540=ORIENTED_EDGE('',*,*,#1845,.T.);
#2541=ORIENTED_EDGE('',*,*,#1846,.F.);
#2542=ORIENTED_EDGE('',*,*,#1842,.F.);
#2543=ORIENTED_EDGE('',*,*,#1733,.T.);
#2544=ORIENTED_EDGE('',*,*,#1847,.T.);
#2545=ORIENTED_EDGE('',*,*,#1848,.T.);
#2546=ORIENTED_EDGE('',*,*,#1845,.F.);
#2547=ORIENTED_EDGE('',*,*,#1732,.T.);
#2548=ORIENTED_EDGE('',*,*,#1849,.T.);
#2549=ORIENTED_EDGE('',*,*,#1850,.T.);
#2550=ORIENTED_EDGE('',*,*,#1847,.F.);
#2551=ORIENTED_EDGE('',*,*,#1731,.T.);
#2552=ORIENTED_EDGE('',*,*,#1851,.T.);
#2553=ORIENTED_EDGE('',*,*,#1852,.T.);
#2554=ORIENTED_EDGE('',*,*,#1849,.F.);
#2555=ORIENTED_EDGE('',*,*,#1730,.T.);
#2556=ORIENTED_EDGE('',*,*,#1853,.F.);
#2557=ORIENTED_EDGE('',*,*,#1854,.F.);
#2558=ORIENTED_EDGE('',*,*,#1851,.F.);
#2559=ORIENTED_EDGE('',*,*,#1729,.T.);
#2560=ORIENTED_EDGE('',*,*,#1855,.F.);
#2561=ORIENTED_EDGE('',*,*,#1856,.F.);
#2562=ORIENTED_EDGE('',*,*,#1853,.T.);
#2563=ORIENTED_EDGE('',*,*,#1728,.T.);
#2564=ORIENTED_EDGE('',*,*,#1857,.F.);
#2565=ORIENTED_EDGE('',*,*,#1858,.F.);
#2566=ORIENTED_EDGE('',*,*,#1855,.T.);
#2567=ORIENTED_EDGE('',*,*,#1727,.T.);
#2568=ORIENTED_EDGE('',*,*,#1859,.F.);
#2569=ORIENTED_EDGE('',*,*,#1860,.F.);
#2570=ORIENTED_EDGE('',*,*,#1857,.T.);
#2571=ORIENTED_EDGE('',*,*,#1726,.T.);
#2572=ORIENTED_EDGE('',*,*,#1861,.T.);
#2573=ORIENTED_EDGE('',*,*,#1862,.T.);
#2574=ORIENTED_EDGE('',*,*,#1859,.T.);
#2575=ORIENTED_EDGE('',*,*,#1725,.T.);
#2576=ORIENTED_EDGE('',*,*,#1863,.T.);
#2577=ORIENTED_EDGE('',*,*,#1864,.F.);
#2578=ORIENTED_EDGE('',*,*,#1861,.F.);
#2579=ORIENTED_EDGE('',*,*,#1865,.T.);
#2580=ORIENTED_EDGE('',*,*,#1843,.F.);
#2581=ORIENTED_EDGE('',*,*,#1846,.T.);
#2582=ORIENTED_EDGE('',*,*,#1848,.F.);
#2583=ORIENTED_EDGE('',*,*,#1850,.F.);
#2584=ORIENTED_EDGE('',*,*,#1852,.F.);
#2585=ORIENTED_EDGE('',*,*,#1854,.T.);
#2586=ORIENTED_EDGE('',*,*,#1856,.T.);
#2587=ORIENTED_EDGE('',*,*,#1858,.T.);
#2588=ORIENTED_EDGE('',*,*,#1860,.T.);
#2589=ORIENTED_EDGE('',*,*,#1862,.F.);
#2590=ORIENTED_EDGE('',*,*,#1864,.T.);
#2591=ORIENTED_EDGE('',*,*,#1866,.F.);
#2592=ORIENTED_EDGE('',*,*,#1867,.F.);
#2593=ORIENTED_EDGE('',*,*,#1868,.F.);
#2594=ORIENTED_EDGE('',*,*,#1869,.F.);
#2595=ORIENTED_EDGE('',*,*,#1870,.T.);
#2596=ORIENTED_EDGE('',*,*,#1871,.T.);
#2597=ORIENTED_EDGE('',*,*,#1872,.T.);
#2598=ORIENTED_EDGE('',*,*,#1873,.F.);
#2599=ORIENTED_EDGE('',*,*,#1874,.T.);
#2600=ORIENTED_EDGE('',*,*,#1875,.F.);
#2601=ORIENTED_EDGE('',*,*,#1876,.F.);
#2602=ORIENTED_EDGE('',*,*,#1820,.F.);
#2603=ORIENTED_EDGE('',*,*,#1823,.T.);
#2604=ORIENTED_EDGE('',*,*,#1825,.F.);
#2605=ORIENTED_EDGE('',*,*,#1827,.F.);
#2606=ORIENTED_EDGE('',*,*,#1829,.F.);
#2607=ORIENTED_EDGE('',*,*,#1831,.T.);
#2608=ORIENTED_EDGE('',*,*,#1833,.T.);
#2609=ORIENTED_EDGE('',*,*,#1835,.T.);
#2610=ORIENTED_EDGE('',*,*,#1837,.T.);
#2611=ORIENTED_EDGE('',*,*,#1839,.F.);
#2612=ORIENTED_EDGE('',*,*,#1841,.T.);
#2613=ORIENTED_EDGE('',*,*,#1877,.F.);
#2614=ORIENTED_EDGE('',*,*,#1878,.F.);
#2615=ORIENTED_EDGE('',*,*,#1879,.F.);
#2616=ORIENTED_EDGE('',*,*,#1880,.F.);
#2617=ORIENTED_EDGE('',*,*,#1881,.T.);
#2618=ORIENTED_EDGE('',*,*,#1882,.T.);
#2619=ORIENTED_EDGE('',*,*,#1883,.T.);
#2620=ORIENTED_EDGE('',*,*,#1884,.F.);
#2621=ORIENTED_EDGE('',*,*,#1885,.T.);
#2622=ORIENTED_EDGE('',*,*,#1886,.F.);
#2623=ORIENTED_EDGE('',*,*,#1887,.F.);
#2624=ORIENTED_EDGE('',*,*,#1888,.F.);
#2625=ORIENTED_EDGE('',*,*,#1889,.F.);
#2626=ORIENTED_EDGE('',*,*,#1797,.F.);
#2627=ORIENTED_EDGE('',*,*,#1800,.T.);
#2628=ORIENTED_EDGE('',*,*,#1802,.F.);
#2629=ORIENTED_EDGE('',*,*,#1804,.F.);
#2630=ORIENTED_EDGE('',*,*,#1806,.F.);
#2631=ORIENTED_EDGE('',*,*,#1808,.T.);
#2632=ORIENTED_EDGE('',*,*,#1810,.T.);
#2633=ORIENTED_EDGE('',*,*,#1812,.T.);
#2634=ORIENTED_EDGE('',*,*,#1814,.T.);
#2635=ORIENTED_EDGE('',*,*,#1816,.F.);
#2636=ORIENTED_EDGE('',*,*,#1818,.T.);
#2637=ORIENTED_EDGE('',*,*,#1890,.F.);
#2638=ORIENTED_EDGE('',*,*,#1891,.F.);
#2639=ORIENTED_EDGE('',*,*,#1892,.F.);
#2640=ORIENTED_EDGE('',*,*,#1893,.F.);
#2641=ORIENTED_EDGE('',*,*,#1894,.T.);
#2642=ORIENTED_EDGE('',*,*,#1895,.T.);
#2643=ORIENTED_EDGE('',*,*,#1896,.T.);
#2644=ORIENTED_EDGE('',*,*,#1897,.F.);
#2645=ORIENTED_EDGE('',*,*,#1898,.T.);
#2646=ORIENTED_EDGE('',*,*,#1899,.T.);
#2647=ORIENTED_EDGE('',*,*,#1900,.T.);
#2648=ORIENTED_EDGE('',*,*,#1901,.T.);
#2649=ORIENTED_EDGE('',*,*,#1902,.T.);
#2650=ORIENTED_EDGE('',*,*,#1903,.T.);
#2651=ORIENTED_EDGE('',*,*,#1904,.T.);
#2652=ORIENTED_EDGE('',*,*,#1780,.T.);
#2653=ORIENTED_EDGE('',*,*,#1798,.F.);
#2654=ORIENTED_EDGE('',*,*,#1889,.T.);
#2655=ORIENTED_EDGE('',*,*,#1905,.F.);
#2656=ORIENTED_EDGE('',*,*,#1761,.T.);
#2657=ORIENTED_EDGE('',*,*,#1906,.T.);
#2658=ORIENTED_EDGE('',*,*,#1884,.T.);
#2659=ORIENTED_EDGE('',*,*,#1907,.T.);
#2660=ORIENTED_EDGE('',*,*,#1762,.T.);
#2661=ORIENTED_EDGE('',*,*,#1907,.F.);
#2662=ORIENTED_EDGE('',*,*,#1883,.F.);
#2663=ORIENTED_EDGE('',*,*,#1908,.T.);
#2664=ORIENTED_EDGE('',*,*,#1783,.T.);
#2665=ORIENTED_EDGE('',*,*,#1909,.T.);
#2666=ORIENTED_EDGE('',*,*,#1897,.T.);
#2667=ORIENTED_EDGE('',*,*,#1910,.T.);
#2668=ORIENTED_EDGE('',*,*,#1784,.T.);
#2669=ORIENTED_EDGE('',*,*,#1910,.F.);
#2670=ORIENTED_EDGE('',*,*,#1896,.F.);
#2671=ORIENTED_EDGE('',*,*,#1911,.T.);
#2672=ORIENTED_EDGE('',*,*,#1781,.T.);
#2673=ORIENTED_EDGE('',*,*,#1905,.T.);
#2674=ORIENTED_EDGE('',*,*,#1888,.T.);
#2675=ORIENTED_EDGE('',*,*,#1912,.T.);
#2676=ORIENTED_EDGE('',*,*,#1736,.T.);
#2677=ORIENTED_EDGE('',*,*,#1844,.F.);
#2678=ORIENTED_EDGE('',*,*,#1876,.T.);
#2679=ORIENTED_EDGE('',*,*,#1913,.F.);
#2680=ORIENTED_EDGE('',*,*,#1737,.T.);
#2681=ORIENTED_EDGE('',*,*,#1913,.T.);
#2682=ORIENTED_EDGE('',*,*,#1875,.T.);
#2683=ORIENTED_EDGE('',*,*,#1914,.T.);
#2684=ORIENTED_EDGE('',*,*,#1759,.T.);
#2685=ORIENTED_EDGE('',*,*,#1915,.T.);
#2686=ORIENTED_EDGE('',*,*,#1886,.T.);
#2687=ORIENTED_EDGE('',*,*,#1916,.T.);
#2688=ORIENTED_EDGE('',*,*,#1758,.T.);
#2689=ORIENTED_EDGE('',*,*,#1821,.F.);
#2690=ORIENTED_EDGE('',*,*,#1887,.T.);
#2691=ORIENTED_EDGE('',*,*,#1915,.F.);
#2692=ORIENTED_EDGE('',*,*,#1739,.T.);
#2693=ORIENTED_EDGE('',*,*,#1917,.T.);
#2694=ORIENTED_EDGE('',*,*,#1873,.T.);
#2695=ORIENTED_EDGE('',*,*,#1918,.T.);
#2696=ORIENTED_EDGE('',*,*,#1740,.T.);
#2697=ORIENTED_EDGE('',*,*,#1918,.F.);
#2698=ORIENTED_EDGE('',*,*,#1872,.F.);
#2699=ORIENTED_EDGE('',*,*,#1919,.T.);
#2700=ORIENTED_EDGE('',*,*,#1795,.T.);
#2701=ORIENTED_EDGE('',*,*,#1920,.T.);
#2702=ORIENTED_EDGE('',*,*,#1901,.F.);
#2703=ORIENTED_EDGE('',*,*,#1920,.F.);
#2704=ORIENTED_EDGE('',*,*,#1794,.T.);
#2705=ORIENTED_EDGE('',*,*,#1921,.T.);
#2706=ORIENTED_EDGE('',*,*,#1900,.F.);
#2707=ORIENTED_EDGE('',*,*,#1921,.F.);
#2708=ORIENTED_EDGE('',*,*,#1793,.T.);
#2709=ORIENTED_EDGE('',*,*,#1922,.T.);
#2710=ORIENTED_EDGE('',*,*,#1902,.F.);
#2711=ORIENTED_EDGE('',*,*,#1922,.F.);
#2712=ORIENTED_EDGE('',*,*,#1792,.T.);
#2713=ORIENTED_EDGE('',*,*,#1923,.T.);
#2714=ORIENTED_EDGE('',*,*,#1899,.F.);
#2715=ORIENTED_EDGE('',*,*,#1923,.F.);
#2716=ORIENTED_EDGE('',*,*,#1791,.T.);
#2717=ORIENTED_EDGE('',*,*,#1924,.T.);
#2718=ORIENTED_EDGE('',*,*,#1903,.F.);
#2719=ORIENTED_EDGE('',*,*,#1924,.F.);
#2720=ORIENTED_EDGE('',*,*,#1790,.T.);
#2721=ORIENTED_EDGE('',*,*,#1925,.T.);
#2722=ORIENTED_EDGE('',*,*,#1904,.F.);
#2723=ORIENTED_EDGE('',*,*,#1925,.F.);
#2724=ORIENTED_EDGE('',*,*,#1782,.T.);
#2725=ORIENTED_EDGE('',*,*,#1912,.F.);
#2726=ORIENTED_EDGE('',*,*,#1898,.F.);
#2727=ORIENTED_EDGE('',*,*,#1909,.F.);
#2728=ORIENTED_EDGE('',*,*,#1768,.T.);
#2729=ORIENTED_EDGE('',*,*,#1926,.T.);
#2730=ORIENTED_EDGE('',*,*,#1890,.T.);
#2731=ORIENTED_EDGE('',*,*,#1817,.F.);
#2732=ORIENTED_EDGE('',*,*,#1789,.T.);
#2733=ORIENTED_EDGE('',*,*,#1927,.T.);
#2734=ORIENTED_EDGE('',*,*,#1891,.T.);
#2735=ORIENTED_EDGE('',*,*,#1926,.F.);
#2736=ORIENTED_EDGE('',*,*,#1788,.T.);
#2737=ORIENTED_EDGE('',*,*,#1928,.T.);
#2738=ORIENTED_EDGE('',*,*,#1892,.T.);
#2739=ORIENTED_EDGE('',*,*,#1927,.F.);
#2740=ORIENTED_EDGE('',*,*,#1785,.T.);
#2741=ORIENTED_EDGE('',*,*,#1911,.F.);
#2742=ORIENTED_EDGE('',*,*,#1895,.F.);
#2743=ORIENTED_EDGE('',*,*,#1929,.T.);
#2744=ORIENTED_EDGE('',*,*,#1786,.T.);
#2745=ORIENTED_EDGE('',*,*,#1929,.F.);
#2746=ORIENTED_EDGE('',*,*,#1894,.F.);
#2747=ORIENTED_EDGE('',*,*,#1930,.T.);
#2748=ORIENTED_EDGE('',*,*,#1787,.T.);
#2749=ORIENTED_EDGE('',*,*,#1930,.F.);
#2750=ORIENTED_EDGE('',*,*,#1893,.T.);
#2751=ORIENTED_EDGE('',*,*,#1928,.F.);
#2752=ORIENTED_EDGE('',*,*,#1760,.T.);
#2753=ORIENTED_EDGE('',*,*,#1916,.F.);
#2754=ORIENTED_EDGE('',*,*,#1885,.F.);
#2755=ORIENTED_EDGE('',*,*,#1906,.F.);
#2756=ORIENTED_EDGE('',*,*,#1746,.T.);
#2757=ORIENTED_EDGE('',*,*,#1931,.T.);
#2758=ORIENTED_EDGE('',*,*,#1877,.T.);
#2759=ORIENTED_EDGE('',*,*,#1840,.F.);
#2760=ORIENTED_EDGE('',*,*,#1767,.T.);
#2761=ORIENTED_EDGE('',*,*,#1932,.T.);
#2762=ORIENTED_EDGE('',*,*,#1878,.T.);
#2763=ORIENTED_EDGE('',*,*,#1931,.F.);
#2764=ORIENTED_EDGE('',*,*,#1766,.T.);
#2765=ORIENTED_EDGE('',*,*,#1933,.T.);
#2766=ORIENTED_EDGE('',*,*,#1879,.T.);
#2767=ORIENTED_EDGE('',*,*,#1932,.F.);
#2768=ORIENTED_EDGE('',*,*,#1763,.T.);
#2769=ORIENTED_EDGE('',*,*,#1908,.F.);
#2770=ORIENTED_EDGE('',*,*,#1882,.F.);
#2771=ORIENTED_EDGE('',*,*,#1934,.T.);
#2772=ORIENTED_EDGE('',*,*,#1764,.T.);
#2773=ORIENTED_EDGE('',*,*,#1934,.F.);
#2774=ORIENTED_EDGE('',*,*,#1881,.F.);
#2775=ORIENTED_EDGE('',*,*,#1935,.T.);
#2776=ORIENTED_EDGE('',*,*,#1765,.T.);
#2777=ORIENTED_EDGE('',*,*,#1935,.F.);
#2778=ORIENTED_EDGE('',*,*,#1880,.T.);
#2779=ORIENTED_EDGE('',*,*,#1933,.F.);
#2780=ORIENTED_EDGE('',*,*,#1738,.T.);
#2781=ORIENTED_EDGE('',*,*,#1914,.F.);
#2782=ORIENTED_EDGE('',*,*,#1874,.F.);
#2783=ORIENTED_EDGE('',*,*,#1917,.F.);
#2784=ORIENTED_EDGE('',*,*,#1724,.T.);
#2785=ORIENTED_EDGE('',*,*,#1936,.T.);
#2786=ORIENTED_EDGE('',*,*,#1866,.T.);
#2787=ORIENTED_EDGE('',*,*,#1863,.F.);
#2788=ORIENTED_EDGE('',*,*,#1745,.T.);
#2789=ORIENTED_EDGE('',*,*,#1937,.T.);
#2790=ORIENTED_EDGE('',*,*,#1867,.T.);
#2791=ORIENTED_EDGE('',*,*,#1936,.F.);
#2792=ORIENTED_EDGE('',*,*,#1744,.T.);
#2793=ORIENTED_EDGE('',*,*,#1938,.T.);
#2794=ORIENTED_EDGE('',*,*,#1868,.T.);
#2795=ORIENTED_EDGE('',*,*,#1937,.F.);
#2796=ORIENTED_EDGE('',*,*,#1741,.T.);
#2797=ORIENTED_EDGE('',*,*,#1919,.F.);
#2798=ORIENTED_EDGE('',*,*,#1871,.F.);
#2799=ORIENTED_EDGE('',*,*,#1939,.T.);
#2800=ORIENTED_EDGE('',*,*,#1742,.T.);
#2801=ORIENTED_EDGE('',*,*,#1939,.F.);
#2802=ORIENTED_EDGE('',*,*,#1870,.F.);
#2803=ORIENTED_EDGE('',*,*,#1940,.T.);
#2804=ORIENTED_EDGE('',*,*,#1743,.T.);
#2805=ORIENTED_EDGE('',*,*,#1940,.F.);
#2806=ORIENTED_EDGE('',*,*,#1869,.T.);
#2807=ORIENTED_EDGE('',*,*,#1938,.F.);
#2808=ORIENTED_EDGE('',*,*,#1865,.F.);
#2809=ORIENTED_EDGE('',*,*,#1941,.T.);
#2810=ORIENTED_EDGE('',*,*,#1723,.T.);
#2811=ORIENTED_EDGE('',*,*,#1941,.F.);
#2812=CYLINDRICAL_SURFACE('',#3095,2.4);
#2813=CYLINDRICAL_SURFACE('',#3105,2.4);
#2814=CYLINDRICAL_SURFACE('',#3114,2.4);
#2815=CYLINDRICAL_SURFACE('',#3125,30.);
#2816=CYLINDRICAL_SURFACE('',#3135,30.);
#2817=CYLINDRICAL_SURFACE('',#3146,30.);
#2818=CYLINDRICAL_SURFACE('',#3157,30.);
#2819=CYLINDRICAL_SURFACE('',#3165,30.);
#2820=CYLINDRICAL_SURFACE('',#3173,30.);
#2821=CYLINDRICAL_SURFACE('',#3188,30.);
#2822=CYLINDRICAL_SURFACE('',#3195,30.);
#2823=CYLINDRICAL_SURFACE('',#3212,30.);
#2824=CYLINDRICAL_SURFACE('',#3290,1.5);
#2825=CYLINDRICAL_SURFACE('',#3292,27.);
#2826=CYLINDRICAL_SURFACE('',#3294,1.49999999999998);
#2827=CYLINDRICAL_SURFACE('',#3296,24.);
#2828=CYLINDRICAL_SURFACE('',#3298,3.00000000000004);
#2829=CYLINDRICAL_SURFACE('',#3300,18.);
#2830=CYLINDRICAL_SURFACE('',#3302,1.49999999999997);
#2831=CYLINDRICAL_SURFACE('',#3304,15.0000000000001);
#2832=CYLINDRICAL_SURFACE('',#3306,3.00000000000006);
#2833=CYLINDRICAL_SURFACE('',#3308,1.5);
#2834=CYLINDRICAL_SURFACE('',#3310,10.5);
#2835=CYLINDRICAL_SURFACE('',#3312,1.5);
#2836=CYLINDRICAL_SURFACE('',#3314,27.);
#2837=CYLINDRICAL_SURFACE('',#3316,1.49999999999998);
#2838=CYLINDRICAL_SURFACE('',#3318,24.);
#2839=CYLINDRICAL_SURFACE('',#3320,3.00000000000004);
#2840=CYLINDRICAL_SURFACE('',#3322,18.);
#2841=CYLINDRICAL_SURFACE('',#3324,1.49999999999997);
#2842=CYLINDRICAL_SURFACE('',#3326,15.0000000000001);
#2843=CYLINDRICAL_SURFACE('',#3328,3.00000000000006);
#2844=CYLINDRICAL_SURFACE('',#3330,1.5);
#2845=CYLINDRICAL_SURFACE('',#3332,10.5);
#2846=CYLINDRICAL_SURFACE('',#3334,1.5);
#2847=CYLINDRICAL_SURFACE('',#3336,27.);
#2848=CYLINDRICAL_SURFACE('',#3338,1.49999999999998);
#2849=CYLINDRICAL_SURFACE('',#3340,24.);
#2850=CYLINDRICAL_SURFACE('',#3342,3.00000000000004);
#2851=CYLINDRICAL_SURFACE('',#3344,18.);
#2852=CYLINDRICAL_SURFACE('',#3346,1.49999999999997);
#2853=CYLINDRICAL_SURFACE('',#3348,15.0000000000001);
#2854=CYLINDRICAL_SURFACE('',#3350,3.00000000000006);
#2855=CYLINDRICAL_SURFACE('',#3352,1.5);
#2856=CYLINDRICAL_SURFACE('',#3354,10.5);
#2857=CYLINDRICAL_SURFACE('',#3397,5.25);
#2858=CYLINDRICAL_SURFACE('',#3398,1.5);
#2859=CYLINDRICAL_SURFACE('',#3399,3.);
#2860=CYLINDRICAL_SURFACE('',#3400,1.5);
#2861=CYLINDRICAL_SURFACE('',#3401,3.);
#2862=CYLINDRICAL_SURFACE('',#3402,1.5);
#2863=CYLINDRICAL_SURFACE('',#3403,5.25);
#2864=CYLINDRICAL_SURFACE('',#3404,1.5);
#2865=CYLINDRICAL_SURFACE('',#3405,1.5);
#2866=CYLINDRICAL_SURFACE('',#3406,5.25);
#2867=CYLINDRICAL_SURFACE('',#3407,1.5);
#2868=CYLINDRICAL_SURFACE('',#3408,3.);
#2869=CYLINDRICAL_SURFACE('',#3409,2.4);
#2870=CYLINDRICAL_SURFACE('',#3410,2.4);
#2871=CYLINDRICAL_SURFACE('',#3411,2.4);
#2872=CYLINDRICAL_SURFACE('',#3412,2.4);
#2873=CYLINDRICAL_SURFACE('',#3413,2.4);
#2874=CYLINDRICAL_SURFACE('',#3414,2.4);
#2875=CYLINDRICAL_SURFACE('',#3415,27.);
#2876=CYLINDRICAL_SURFACE('',#3416,1.50000000000004);
#2877=CYLINDRICAL_SURFACE('',#3417,13.5);
#2878=CYLINDRICAL_SURFACE('',#3418,2.99999999999999);
#2879=CYLINDRICAL_SURFACE('',#3419,22.5);
#2880=CYLINDRICAL_SURFACE('',#3420,1.50000000000002);
#2881=CYLINDRICAL_SURFACE('',#3421,19.5);
#2882=CYLINDRICAL_SURFACE('',#3422,27.);
#2883=CYLINDRICAL_SURFACE('',#3423,1.50000000000004);
#2884=CYLINDRICAL_SURFACE('',#3424,13.5);
#2885=CYLINDRICAL_SURFACE('',#3425,2.99999999999999);
#2886=CYLINDRICAL_SURFACE('',#3426,22.5);
#2887=CYLINDRICAL_SURFACE('',#3427,1.50000000000002);
#2888=CYLINDRICAL_SURFACE('',#3428,19.5);
#2889=CYLINDRICAL_SURFACE('',#3429,27.);
#2890=CYLINDRICAL_SURFACE('',#3430,1.50000000000004);
#2891=CYLINDRICAL_SURFACE('',#3431,13.5);
#2892=CYLINDRICAL_SURFACE('',#3432,2.99999999999999);
#2893=CYLINDRICAL_SURFACE('',#3433,22.5);
#2894=CYLINDRICAL_SURFACE('',#3434,1.50000000000002);
#2895=CYLINDRICAL_SURFACE('',#3435,19.5);
#2896=CYLINDRICAL_SURFACE('',#3436,30.);
#2897=ADVANCED_FACE('',(#150),#2812,.F.);
#2898=ADVANCED_FACE('',(#151),#63,.T.);
#2899=ADVANCED_FACE('',(#152),#64,.T.);
#2900=ADVANCED_FACE('',(#153),#65,.T.);
#2901=ADVANCED_FACE('',(#154),#66,.T.);
#2902=ADVANCED_FACE('',(#155),#67,.T.);
#2903=ADVANCED_FACE('',(#156,#39),#68,.T.);
#2904=ADVANCED_FACE('',(#157,#40),#69,.F.);
#2905=ADVANCED_FACE('',(#158),#2813,.F.);
#2906=ADVANCED_FACE('',(#159),#70,.T.);
#2907=ADVANCED_FACE('',(#160),#71,.T.);
#2908=ADVANCED_FACE('',(#161),#72,.T.);
#2909=ADVANCED_FACE('',(#162),#73,.T.);
#2910=ADVANCED_FACE('',(#163,#41),#74,.T.);
#2911=ADVANCED_FACE('',(#164,#42),#75,.F.);
#2912=ADVANCED_FACE('',(#165),#2814,.F.);
#2913=ADVANCED_FACE('',(#166),#76,.T.);
#2914=ADVANCED_FACE('',(#167),#77,.T.);
#2915=ADVANCED_FACE('',(#168),#78,.T.);
#2916=ADVANCED_FACE('',(#169),#79,.T.);
#2917=ADVANCED_FACE('',(#170,#43),#80,.T.);
#2918=ADVANCED_FACE('',(#171,#44),#81,.F.);
#2919=ADVANCED_FACE('',(#172),#82,.T.);
#2920=ADVANCED_FACE('',(#173),#83,.T.);
#2921=ADVANCED_FACE('',(#174),#2815,.T.);
#2922=ADVANCED_FACE('',(#175),#84,.T.);
#2923=ADVANCED_FACE('',(#176),#85,.T.);
#2924=ADVANCED_FACE('',(#177),#86,.F.);
#2925=ADVANCED_FACE('',(#178),#87,.F.);
#2926=ADVANCED_FACE('',(#179),#88,.F.);
#2927=ADVANCED_FACE('',(#180),#89,.F.);
#2928=ADVANCED_FACE('',(#181),#90,.T.);
#2929=ADVANCED_FACE('',(#182),#2816,.T.);
#2930=ADVANCED_FACE('',(#183),#91,.T.);
#2931=ADVANCED_FACE('',(#184),#92,.T.);
#2932=ADVANCED_FACE('',(#185),#93,.T.);
#2933=ADVANCED_FACE('',(#186),#94,.F.);
#2934=ADVANCED_FACE('',(#187),#95,.F.);
#2935=ADVANCED_FACE('',(#188),#96,.F.);
#2936=ADVANCED_FACE('',(#189),#97,.F.);
#2937=ADVANCED_FACE('',(#190),#98,.T.);
#2938=ADVANCED_FACE('',(#191),#2817,.T.);
#2939=ADVANCED_FACE('',(#192),#99,.T.);
#2940=ADVANCED_FACE('',(#193),#100,.T.);
#2941=ADVANCED_FACE('',(#194),#101,.T.);
#2942=ADVANCED_FACE('',(#195),#102,.F.);
#2943=ADVANCED_FACE('',(#196),#103,.F.);
#2944=ADVANCED_FACE('',(#197),#104,.F.);
#2945=ADVANCED_FACE('',(#198),#105,.F.);
#2946=ADVANCED_FACE('',(#199),#106,.T.);
#2947=ADVANCED_FACE('',(#200),#2818,.T.);
#2948=ADVANCED_FACE('',(#201),#107,.T.);
#2949=ADVANCED_FACE('',(#202),#108,.T.);
#2950=ADVANCED_FACE('',(#203),#109,.T.);
#2951=ADVANCED_FACE('',(#204),#110,.F.);
#2952=ADVANCED_FACE('',(#205),#111,.T.);
#2953=ADVANCED_FACE('',(#206),#2819,.T.);
#2954=ADVANCED_FACE('',(#207),#112,.T.);
#2955=ADVANCED_FACE('',(#208),#113,.T.);
#2956=ADVANCED_FACE('',(#209),#114,.T.);
#2957=ADVANCED_FACE('',(#210),#115,.F.);
#2958=ADVANCED_FACE('',(#211),#116,.T.);
#2959=ADVANCED_FACE('',(#212),#2820,.T.);
#2960=ADVANCED_FACE('',(#213),#117,.T.);
#2961=ADVANCED_FACE('',(#214),#118,.T.);
#2962=ADVANCED_FACE('',(#215),#119,.T.);
#2963=ADVANCED_FACE('',(#216),#120,.F.);
#2964=ADVANCED_FACE('',(#217),#121,.F.);
#2965=ADVANCED_FACE('',(#218),#122,.T.);
#2966=ADVANCED_FACE('',(#219),#123,.T.);
#2967=ADVANCED_FACE('',(#220),#124,.T.);
#2968=ADVANCED_FACE('',(#221),#125,.F.);
#2969=ADVANCED_FACE('',(#222),#126,.T.);
#2970=ADVANCED_FACE('',(#223),#2821,.T.);
#2971=ADVANCED_FACE('',(#224),#127,.T.);
#2972=ADVANCED_FACE('',(#225),#128,.F.);
#2973=ADVANCED_FACE('',(#226),#129,.F.);
#2974=ADVANCED_FACE('',(#227),#130,.F.);
#2975=ADVANCED_FACE('',(#228),#131,.F.);
#2976=ADVANCED_FACE('',(#229),#132,.T.);
#2977=ADVANCED_FACE('',(#230),#2822,.T.);
#2978=ADVANCED_FACE('',(#231),#133,.T.);
#2979=ADVANCED_FACE('',(#232),#134,.F.);
#2980=ADVANCED_FACE('',(#233),#135,.T.);
#2981=ADVANCED_FACE('',(#234),#136,.T.);
#2982=ADVANCED_FACE('',(#235),#137,.T.);
#2983=ADVANCED_FACE('',(#236),#138,.F.);
#2984=ADVANCED_FACE('',(#237),#139,.F.);
#2985=ADVANCED_FACE('',(#238),#140,.T.);
#2986=ADVANCED_FACE('',(#239),#141,.T.);
#2987=ADVANCED_FACE('',(#240),#142,.T.);
#2988=ADVANCED_FACE('',(#241),#143,.F.);
#2989=ADVANCED_FACE('',(#242),#144,.T.);
#2990=ADVANCED_FACE('',(#243),#2823,.T.);
#2991=ADVANCED_FACE('',(#244),#145,.T.);
#2992=ADVANCED_FACE('',(#245),#146,.F.);
#2993=ADVANCED_FACE('',(#246),#147,.F.);
#2994=ADVANCED_FACE('',(#247,#45,#46,#47,#48,#49,#50,#51,#52,#53),#148,
 .F.);
#2995=ADVANCED_FACE('',(#248),#2824,.F.);
#2996=ADVANCED_FACE('',(#249),#2825,.F.);
#2997=ADVANCED_FACE('',(#250),#2826,.F.);
#2998=ADVANCED_FACE('',(#251),#2827,.T.);
#2999=ADVANCED_FACE('',(#252),#2828,.T.);
#3000=ADVANCED_FACE('',(#253),#2829,.F.);
#3001=ADVANCED_FACE('',(#254),#2830,.F.);
#3002=ADVANCED_FACE('',(#255),#2831,.T.);
#3003=ADVANCED_FACE('',(#256),#2832,.T.);
#3004=ADVANCED_FACE('',(#257),#2833,.F.);
#3005=ADVANCED_FACE('',(#258),#2834,.T.);
#3006=ADVANCED_FACE('',(#259),#2835,.F.);
#3007=ADVANCED_FACE('',(#260),#2836,.F.);
#3008=ADVANCED_FACE('',(#261),#2837,.F.);
#3009=ADVANCED_FACE('',(#262),#2838,.T.);
#3010=ADVANCED_FACE('',(#263),#2839,.T.);
#3011=ADVANCED_FACE('',(#264),#2840,.F.);
#3012=ADVANCED_FACE('',(#265),#2841,.F.);
#3013=ADVANCED_FACE('',(#266),#2842,.T.);
#3014=ADVANCED_FACE('',(#267),#2843,.T.);
#3015=ADVANCED_FACE('',(#268),#2844,.F.);
#3016=ADVANCED_FACE('',(#269),#2845,.T.);
#3017=ADVANCED_FACE('',(#270),#2846,.F.);
#3018=ADVANCED_FACE('',(#271),#2847,.F.);
#3019=ADVANCED_FACE('',(#272),#2848,.F.);
#3020=ADVANCED_FACE('',(#273),#2849,.T.);
#3021=ADVANCED_FACE('',(#274),#2850,.T.);
#3022=ADVANCED_FACE('',(#275),#2851,.F.);
#3023=ADVANCED_FACE('',(#276),#2852,.F.);
#3024=ADVANCED_FACE('',(#277),#2853,.T.);
#3025=ADVANCED_FACE('',(#278),#2854,.T.);
#3026=ADVANCED_FACE('',(#279),#2855,.F.);
#3027=ADVANCED_FACE('',(#280),#2856,.T.);
#3028=ADVANCED_FACE('',(#281,#54,#55,#56,#57,#58,#59,#60,#61,#62),#149,
 .T.);
#3029=ADVANCED_FACE('',(#282),#2857,.T.);
#3030=ADVANCED_FACE('',(#283),#2858,.F.);
#3031=ADVANCED_FACE('',(#284),#2859,.T.);
#3032=ADVANCED_FACE('',(#285),#2860,.F.);
#3033=ADVANCED_FACE('',(#286),#2861,.T.);
#3034=ADVANCED_FACE('',(#287),#2862,.F.);
#3035=ADVANCED_FACE('',(#288),#2863,.T.);
#3036=ADVANCED_FACE('',(#289),#2864,.F.);
#3037=ADVANCED_FACE('',(#290),#2865,.F.);
#3038=ADVANCED_FACE('',(#291),#2866,.T.);
#3039=ADVANCED_FACE('',(#292),#2867,.F.);
#3040=ADVANCED_FACE('',(#293),#2868,.T.);
#3041=ADVANCED_FACE('',(#294),#2869,.F.);
#3042=ADVANCED_FACE('',(#295),#2870,.F.);
#3043=ADVANCED_FACE('',(#296),#2871,.F.);
#3044=ADVANCED_FACE('',(#297),#2872,.F.);
#3045=ADVANCED_FACE('',(#298),#2873,.F.);
#3046=ADVANCED_FACE('',(#299),#2874,.F.);
#3047=ADVANCED_FACE('',(#300),#2875,.F.);
#3048=ADVANCED_FACE('',(#301),#2876,.F.);
#3049=ADVANCED_FACE('',(#302),#2877,.F.);
#3050=ADVANCED_FACE('',(#303),#2878,.T.);
#3051=ADVANCED_FACE('',(#304),#2879,.F.);
#3052=ADVANCED_FACE('',(#305),#2880,.F.);
#3053=ADVANCED_FACE('',(#306),#2881,.T.);
#3054=ADVANCED_FACE('',(#307),#2882,.F.);
#3055=ADVANCED_FACE('',(#308),#2883,.F.);
#3056=ADVANCED_FACE('',(#309),#2884,.F.);
#3057=ADVANCED_FACE('',(#310),#2885,.T.);
#3058=ADVANCED_FACE('',(#311),#2886,.F.);
#3059=ADVANCED_FACE('',(#312),#2887,.F.);
#3060=ADVANCED_FACE('',(#313),#2888,.T.);
#3061=ADVANCED_FACE('',(#314),#2889,.F.);
#3062=ADVANCED_FACE('',(#315),#2890,.F.);
#3063=ADVANCED_FACE('',(#316),#2891,.F.);
#3064=ADVANCED_FACE('',(#317),#2892,.T.);
#3065=ADVANCED_FACE('',(#318),#2893,.F.);
#3066=ADVANCED_FACE('',(#319),#2894,.F.);
#3067=ADVANCED_FACE('',(#320),#2895,.T.);
#3068=ADVANCED_FACE('',(#321),#2896,.T.);
#3069=CLOSED_SHELL('',(#2897,#2898,#2899,#2900,#2901,#2902,#2903,#2904));
#3070=CLOSED_SHELL('',(#2905,#2906,#2907,#2908,#2909,#2910,#2911));
#3071=CLOSED_SHELL('',(#2912,#2913,#2914,#2915,#2916,#2917,#2918));
#3072=CLOSED_SHELL('',(#2919,#2920,#2921,#2922,#2923,#2924));
#3073=CLOSED_SHELL('',(#2925,#2926,#2927,#2928,#2929,#2930,#2931,#2932,
#2933));
#3074=CLOSED_SHELL('',(#2934,#2935,#2936,#2937,#2938,#2939,#2940,#2941,
#2942));
#3075=CLOSED_SHELL('',(#2943,#2944,#2945,#2946,#2947,#2948,#2949,#2950,
#2951));
#3076=CLOSED_SHELL('',(#2952,#2953,#2954,#2955,#2956,#2957));
#3077=CLOSED_SHELL('',(#2958,#2959,#2960,#2961,#2962,#2963));
#3078=CLOSED_SHELL('',(#2964,#2965,#2966,#2967,#2968,#2969,#2970,#2971,
#2972,#2973));
#3079=CLOSED_SHELL('',(#2974,#2975,#2976,#2977,#2978,#2979,#2980,#2981,
#2982,#2983));
#3080=CLOSED_SHELL('',(#2984,#2985,#2986,#2987,#2988,#2989,#2990,#2991,
#2992,#2993));
#3081=CLOSED_SHELL('',(#2994,#2995,#2996,#2997,#2998,#2999,#3000,#3001,
#3002,#3003,#3004,#3005,#3006,#3007,#3008,#3009,#3010,#3011,#3012,#3013,
#3014,#3015,#3016,#3017,#3018,#3019,#3020,#3021,#3022,#3023,#3024,#3025,
#3026,#3027,#3028,#3029,#3030,#3031,#3032,#3033,#3034,#3035,#3036,#3037,
#3038,#3039,#3040,#3041,#3042,#3043,#3044,#3045,#3046,#3047,#3048,#3049,
#3050,#3051,#3052,#3053,#3054,#3055,#3056,#3057,#3058,#3059,#3060,#3061,
#3062,#3063,#3064,#3065,#3066,#3067,#3068));
#3082=DERIVED_UNIT_ELEMENT(#3084,1.);
#3083=DERIVED_UNIT_ELEMENT(#5290,-3.);
#3084=(
MASS_UNIT()
NAMED_UNIT(*)
SI_UNIT(.KILO.,.GRAM.)
);
#3085=DERIVED_UNIT((#3082,#3083));
#3086=MEASURE_REPRESENTATION_ITEM('density measure',
POSITIVE_RATIO_MEASURE(7850.),#3085);
#3087=PROPERTY_DEFINITION_REPRESENTATION(#3092,#3089);
#3088=PROPERTY_DEFINITION_REPRESENTATION(#3093,#3090);
#3089=REPRESENTATION('material name',(#3091),#5287);
#3090=REPRESENTATION('density',(#3086),#5287);
#3091=DESCRIPTIVE_REPRESENTATION_ITEM('Steel','Steel');
#3092=PROPERTY_DEFINITION('material property','material name',#5297);
#3093=PROPERTY_DEFINITION('material property','density of part',#5297);
#3094=AXIS2_PLACEMENT_3D('',#4388,#3437,#3438);
#3095=AXIS2_PLACEMENT_3D('',#4389,#3439,#3440);
#3096=AXIS2_PLACEMENT_3D('',#4391,#3441,#3442);
#3097=AXIS2_PLACEMENT_3D('',#4394,#3444,#3445);
#3098=AXIS2_PLACEMENT_3D('',#4395,#3446,#3447);
#3099=AXIS2_PLACEMENT_3D('',#4404,#3452,#3453);
#3100=AXIS2_PLACEMENT_3D('',#4410,#3457,#3458);
#3101=AXIS2_PLACEMENT_3D('',#4416,#3462,#3463);
#3102=AXIS2_PLACEMENT_3D('',#4422,#3467,#3468);
#3103=AXIS2_PLACEMENT_3D('',#4425,#3471,#3472);
#3104=AXIS2_PLACEMENT_3D('',#4426,#3473,#3474);
#3105=AXIS2_PLACEMENT_3D('',#4427,#3475,#3476);
#3106=AXIS2_PLACEMENT_3D('',#4429,#3477,#3478);
#3107=AXIS2_PLACEMENT_3D('',#4432,#3480,#3481);
#3108=AXIS2_PLACEMENT_3D('',#4433,#3482,#3483);
#3109=AXIS2_PLACEMENT_3D('',#4442,#3488,#3489);
#3110=AXIS2_PLACEMENT_3D('',#4448,#3493,#3494);
#3111=AXIS2_PLACEMENT_3D('',#4454,#3498,#3499);
#3112=AXIS2_PLACEMENT_3D('',#4457,#3502,#3503);
#3113=AXIS2_PLACEMENT_3D('',#4458,#3504,#3505);
#3114=AXIS2_PLACEMENT_3D('',#4459,#3506,#3507);
#3115=AXIS2_PLACEMENT_3D('',#4461,#3508,#3509);
#3116=AXIS2_PLACEMENT_3D('',#4464,#3511,#3512);
#3117=AXIS2_PLACEMENT_3D('',#4465,#3513,#3514);
#3118=AXIS2_PLACEMENT_3D('',#4474,#3519,#3520);
#3119=AXIS2_PLACEMENT_3D('',#4480,#3524,#3525);
#3120=AXIS2_PLACEMENT_3D('',#4486,#3529,#3530);
#3121=AXIS2_PLACEMENT_3D('',#4489,#3533,#3534);
#3122=AXIS2_PLACEMENT_3D('',#4490,#3535,#3536);
#3123=AXIS2_PLACEMENT_3D('',#4491,#3537,#3538);
#3124=AXIS2_PLACEMENT_3D('',#4500,#3543,#3544);
#3125=AXIS2_PLACEMENT_3D('',#4506,#3548,#3549);
#3126=AXIS2_PLACEMENT_3D('',#4508,#3550,#3551);
#3127=AXIS2_PLACEMENT_3D('',#4510,#3552,#3553);
#3128=AXIS2_PLACEMENT_3D('',#4512,#3555,#3556);
#3129=AXIS2_PLACEMENT_3D('',#4515,#3559,#3560);
#3130=AXIS2_PLACEMENT_3D('',#4516,#3561,#3562);
#3131=AXIS2_PLACEMENT_3D('',#4517,#3563,#3564);
#3132=AXIS2_PLACEMENT_3D('',#4524,#3568,#3569);
#3133=AXIS2_PLACEMENT_3D('',#4530,#3573,#3574);
#3134=AXIS2_PLACEMENT_3D('',#4534,#3577,#3578);
#3135=AXIS2_PLACEMENT_3D('',#4542,#3583,#3584);
#3136=AXIS2_PLACEMENT_3D('',#4544,#3585,#3586);
#3137=AXIS2_PLACEMENT_3D('',#4546,#3587,#3588);
#3138=AXIS2_PLACEMENT_3D('',#4548,#3590,#3591);
#3139=AXIS2_PLACEMENT_3D('',#4554,#3595,#3596);
#3140=AXIS2_PLACEMENT_3D('',#4557,#3599,#3600);
#3141=AXIS2_PLACEMENT_3D('',#4558,#3601,#3602);
#3142=AXIS2_PLACEMENT_3D('',#4559,#3603,#3604);
#3143=AXIS2_PLACEMENT_3D('',#4566,#3608,#3609);
#3144=AXIS2_PLACEMENT_3D('',#4572,#3613,#3614);
#3145=AXIS2_PLACEMENT_3D('',#4576,#3617,#3618);
#3146=AXIS2_PLACEMENT_3D('',#4584,#3623,#3624);
#3147=AXIS2_PLACEMENT_3D('',#4586,#3625,#3626);
#3148=AXIS2_PLACEMENT_3D('',#4588,#3627,#3628);
#3149=AXIS2_PLACEMENT_3D('',#4590,#3630,#3631);
#3150=AXIS2_PLACEMENT_3D('',#4596,#3635,#3636);
#3151=AXIS2_PLACEMENT_3D('',#4599,#3639,#3640);
#3152=AXIS2_PLACEMENT_3D('',#4600,#3641,#3642);
#3153=AXIS2_PLACEMENT_3D('',#4601,#3643,#3644);
#3154=AXIS2_PLACEMENT_3D('',#4608,#3648,#3649);
#3155=AXIS2_PLACEMENT_3D('',#4614,#3653,#3654);
#3156=AXIS2_PLACEMENT_3D('',#4618,#3657,#3658);
#3157=AXIS2_PLACEMENT_3D('',#4626,#3663,#3664);
#3158=AXIS2_PLACEMENT_3D('',#4628,#3665,#3666);
#3159=AXIS2_PLACEMENT_3D('',#4630,#3667,#3668);
#3160=AXIS2_PLACEMENT_3D('',#4632,#3670,#3671);
#3161=AXIS2_PLACEMENT_3D('',#4638,#3675,#3676);
#3162=AXIS2_PLACEMENT_3D('',#4641,#3679,#3680);
#3163=AXIS2_PLACEMENT_3D('',#4642,#3681,#3682);
#3164=AXIS2_PLACEMENT_3D('',#4643,#3683,#3684);
#3165=AXIS2_PLACEMENT_3D('',#4652,#3689,#3690);
#3166=AXIS2_PLACEMENT_3D('',#4654,#3691,#3692);
#3167=AXIS2_PLACEMENT_3D('',#4656,#3693,#3694);
#3168=AXIS2_PLACEMENT_3D('',#4658,#3696,#3697);
#3169=AXIS2_PLACEMENT_3D('',#4664,#3701,#3702);
#3170=AXIS2_PLACEMENT_3D('',#4667,#3705,#3706);
#3171=AXIS2_PLACEMENT_3D('',#4668,#3707,#3708);
#3172=AXIS2_PLACEMENT_3D('',#4669,#3709,#3710);
#3173=AXIS2_PLACEMENT_3D('',#4678,#3715,#3716);
#3174=AXIS2_PLACEMENT_3D('',#4680,#3717,#3718);
#3175=AXIS2_PLACEMENT_3D('',#4682,#3719,#3720);
#3176=AXIS2_PLACEMENT_3D('',#4684,#3722,#3723);
#3177=AXIS2_PLACEMENT_3D('',#4690,#3727,#3728);
#3178=AXIS2_PLACEMENT_3D('',#4693,#3731,#3732);
#3179=AXIS2_PLACEMENT_3D('',#4694,#3733,#3734);
#3180=AXIS2_PLACEMENT_3D('',#4695,#3735,#3736);
#3181=AXIS2_PLACEMENT_3D('',#4708,#3743,#3744);
#3182=AXIS2_PLACEMENT_3D('',#4714,#3748,#3749);
#3183=AXIS2_PLACEMENT_3D('',#4720,#3753,#3754);
#3184=AXIS2_PLACEMENT_3D('',#4728,#3759,#3760);
#3185=AXIS2_PLACEMENT_3D('',#4730,#3761,#3762);
#3186=AXIS2_PLACEMENT_3D('',#4735,#3766,#3767);
#3187=AXIS2_PLACEMENT_3D('',#4737,#3768,#3769);
#3188=AXIS2_PLACEMENT_3D('',#4739,#3771,#3772);
#3189=AXIS2_PLACEMENT_3D('',#4741,#3774,#3775);
#3190=AXIS2_PLACEMENT_3D('',#4743,#3777,#3778);
#3191=AXIS2_PLACEMENT_3D('',#4744,#3779,#3780);
#3192=AXIS2_PLACEMENT_3D('',#4745,#3781,#3782);
#3193=AXIS2_PLACEMENT_3D('',#4754,#3787,#3788);
#3194=AXIS2_PLACEMENT_3D('',#4763,#3793,#3794);
#3195=AXIS2_PLACEMENT_3D('',#4773,#3800,#3801);
#3196=AXIS2_PLACEMENT_3D('',#4775,#3802,#3803);
#3197=AXIS2_PLACEMENT_3D('',#4777,#3804,#3805);
#3198=AXIS2_PLACEMENT_3D('',#4779,#3807,#3808);
#3199=AXIS2_PLACEMENT_3D('',#4783,#3811,#3812);
#3200=AXIS2_PLACEMENT_3D('',#4786,#3815,#3816);
#3201=AXIS2_PLACEMENT_3D('',#4790,#3819,#3820);
#3202=AXIS2_PLACEMENT_3D('',#4792,#3822,#3823);
#3203=AXIS2_PLACEMENT_3D('',#4794,#3825,#3826);
#3204=AXIS2_PLACEMENT_3D('',#4795,#3827,#3828);
#3205=AXIS2_PLACEMENT_3D('',#4808,#3835,#3836);
#3206=AXIS2_PLACEMENT_3D('',#4814,#3840,#3841);
#3207=AXIS2_PLACEMENT_3D('',#4820,#3845,#3846);
#3208=AXIS2_PLACEMENT_3D('',#4828,#3851,#3852);
#3209=AXIS2_PLACEMENT_3D('',#4830,#3853,#3854);
#3210=AXIS2_PLACEMENT_3D('',#4835,#3858,#3859);
#3211=AXIS2_PLACEMENT_3D('',#4838,#3861,#3862);
#3212=AXIS2_PLACEMENT_3D('',#4839,#3863,#3864);
#3213=AXIS2_PLACEMENT_3D('',#4841,#3866,#3867);
#3214=AXIS2_PLACEMENT_3D('',#4843,#3869,#3870);
#3215=AXIS2_PLACEMENT_3D('',#4844,#3871,#3872);
#3216=AXIS2_PLACEMENT_3D('',#4845,#3873,#3874);
#3217=AXIS2_PLACEMENT_3D('',#4847,#3875,#3876);
#3218=AXIS2_PLACEMENT_3D('',#4850,#3877,#3878);
#3219=AXIS2_PLACEMENT_3D('',#4852,#3879,#3880);
#3220=AXIS2_PLACEMENT_3D('',#4854,#3881,#3882);
#3221=AXIS2_PLACEMENT_3D('',#4856,#3883,#3884);
#3222=AXIS2_PLACEMENT_3D('',#4858,#3885,#3886);
#3223=AXIS2_PLACEMENT_3D('',#4860,#3887,#3888);
#3224=AXIS2_PLACEMENT_3D('',#4862,#3889,#3890);
#3225=AXIS2_PLACEMENT_3D('',#4864,#3891,#3892);
#3226=AXIS2_PLACEMENT_3D('',#4866,#3893,#3894);
#3227=AXIS2_PLACEMENT_3D('',#4868,#3895,#3896);
#3228=AXIS2_PLACEMENT_3D('',#4870,#3897,#3898);
#3229=AXIS2_PLACEMENT_3D('',#4872,#3899,#3900);
#3230=AXIS2_PLACEMENT_3D('',#4874,#3901,#3902);
#3231=AXIS2_PLACEMENT_3D('',#4876,#3903,#3904);
#3232=AXIS2_PLACEMENT_3D('',#4878,#3905,#3906);
#3233=AXIS2_PLACEMENT_3D('',#4880,#3907,#3908);
#3234=AXIS2_PLACEMENT_3D('',#4882,#3909,#3910);
#3235=AXIS2_PLACEMENT_3D('',#4884,#3911,#3912);
#3236=AXIS2_PLACEMENT_3D('',#4886,#3913,#3914);
#3237=AXIS2_PLACEMENT_3D('',#4888,#3915,#3916);
#3238=AXIS2_PLACEMENT_3D('',#4890,#3917,#3918);
#3239=AXIS2_PLACEMENT_3D('',#4891,#3919,#3920);
#3240=AXIS2_PLACEMENT_3D('',#4894,#3921,#3922);
#3241=AXIS2_PLACEMENT_3D('',#4896,#3923,#3924);
#3242=AXIS2_PLACEMENT_3D('',#4898,#3925,#3926);
#3243=AXIS2_PLACEMENT_3D('',#4900,#3927,#3928);
#3244=AXIS2_PLACEMENT_3D('',#4902,#3929,#3930);
#3245=AXIS2_PLACEMENT_3D('',#4904,#3931,#3932);
#3246=AXIS2_PLACEMENT_3D('',#4906,#3933,#3934);
#3247=AXIS2_PLACEMENT_3D('',#4908,#3935,#3936);
#3248=AXIS2_PLACEMENT_3D('',#4910,#3937,#3938);
#3249=AXIS2_PLACEMENT_3D('',#4912,#3939,#3940);
#3250=AXIS2_PLACEMENT_3D('',#4914,#3941,#3942);
#3251=AXIS2_PLACEMENT_3D('',#4916,#3943,#3944);
#3252=AXIS2_PLACEMENT_3D('',#4918,#3945,#3946);
#3253=AXIS2_PLACEMENT_3D('',#4920,#3947,#3948);
#3254=AXIS2_PLACEMENT_3D('',#4922,#3949,#3950);
#3255=AXIS2_PLACEMENT_3D('',#4924,#3951,#3952);
#3256=AXIS2_PLACEMENT_3D('',#4926,#3953,#3954);
#3257=AXIS2_PLACEMENT_3D('',#4928,#3955,#3956);
#3258=AXIS2_PLACEMENT_3D('',#4930,#3957,#3958);
#3259=AXIS2_PLACEMENT_3D('',#4932,#3959,#3960);
#3260=AXIS2_PLACEMENT_3D('',#4934,#3961,#3962);
#3261=AXIS2_PLACEMENT_3D('',#4935,#3963,#3964);
#3262=AXIS2_PLACEMENT_3D('',#4938,#3965,#3966);
#3263=AXIS2_PLACEMENT_3D('',#4940,#3967,#3968);
#3264=AXIS2_PLACEMENT_3D('',#4942,#3969,#3970);
#3265=AXIS2_PLACEMENT_3D('',#4944,#3971,#3972);
#3266=AXIS2_PLACEMENT_3D('',#4946,#3973,#3974);
#3267=AXIS2_PLACEMENT_3D('',#4948,#3975,#3976);
#3268=AXIS2_PLACEMENT_3D('',#4950,#3977,#3978);
#3269=AXIS2_PLACEMENT_3D('',#4952,#3979,#3980);
#3270=AXIS2_PLACEMENT_3D('',#4954,#3981,#3982);
#3271=AXIS2_PLACEMENT_3D('',#4956,#3983,#3984);
#3272=AXIS2_PLACEMENT_3D('',#4958,#3985,#3986);
#3273=AXIS2_PLACEMENT_3D('',#4960,#3987,#3988);
#3274=AXIS2_PLACEMENT_3D('',#4962,#3989,#3990);
#3275=AXIS2_PLACEMENT_3D('',#4964,#3991,#3992);
#3276=AXIS2_PLACEMENT_3D('',#4966,#3993,#3994);
#3277=AXIS2_PLACEMENT_3D('',#4968,#3995,#3996);
#3278=AXIS2_PLACEMENT_3D('',#4970,#3997,#3998);
#3279=AXIS2_PLACEMENT_3D('',#4972,#3999,#4000);
#3280=AXIS2_PLACEMENT_3D('',#4974,#4001,#4002);
#3281=AXIS2_PLACEMENT_3D('',#4976,#4003,#4004);
#3282=AXIS2_PLACEMENT_3D('',#4978,#4005,#4006);
#3283=AXIS2_PLACEMENT_3D('',#4979,#4007,#4008);
#3284=AXIS2_PLACEMENT_3D('',#4981,#4009,#4010);
#3285=AXIS2_PLACEMENT_3D('',#4983,#4011,#4012);
#3286=AXIS2_PLACEMENT_3D('',#4985,#4013,#4014);
#3287=AXIS2_PLACEMENT_3D('',#4987,#4015,#4016);
#3288=AXIS2_PLACEMENT_3D('',#4989,#4017,#4018);
#3289=AXIS2_PLACEMENT_3D('',#4991,#4019,#4020);
#3290=AXIS2_PLACEMENT_3D('',#4992,#4021,#4022);
#3291=AXIS2_PLACEMENT_3D('',#4996,#4024,#4025);
#3292=AXIS2_PLACEMENT_3D('',#4998,#4027,#4028);
#3293=AXIS2_PLACEMENT_3D('',#5001,#4030,#4031);
#3294=AXIS2_PLACEMENT_3D('',#5002,#4032,#4033);
#3295=AXIS2_PLACEMENT_3D('',#5005,#4035,#4036);
#3296=AXIS2_PLACEMENT_3D('',#5006,#4037,#4038);
#3297=AXIS2_PLACEMENT_3D('',#5009,#4040,#4041);
#3298=AXIS2_PLACEMENT_3D('',#5010,#4042,#4043);
#3299=AXIS2_PLACEMENT_3D('',#5013,#4045,#4046);
#3300=AXIS2_PLACEMENT_3D('',#5014,#4047,#4048);
#3301=AXIS2_PLACEMENT_3D('',#5017,#4050,#4051);
#3302=AXIS2_PLACEMENT_3D('',#5018,#4052,#4053);
#3303=AXIS2_PLACEMENT_3D('',#5021,#4055,#4056);
#3304=AXIS2_PLACEMENT_3D('',#5022,#4057,#4058);
#3305=AXIS2_PLACEMENT_3D('',#5025,#4060,#4061);
#3306=AXIS2_PLACEMENT_3D('',#5026,#4062,#4063);
#3307=AXIS2_PLACEMENT_3D('',#5029,#4065,#4066);
#3308=AXIS2_PLACEMENT_3D('',#5030,#4067,#4068);
#3309=AXIS2_PLACEMENT_3D('',#5033,#4070,#4071);
#3310=AXIS2_PLACEMENT_3D('',#5034,#4072,#4073);
#3311=AXIS2_PLACEMENT_3D('',#5037,#4075,#4076);
#3312=AXIS2_PLACEMENT_3D('',#5038,#4077,#4078);
#3313=AXIS2_PLACEMENT_3D('',#5042,#4080,#4081);
#3314=AXIS2_PLACEMENT_3D('',#5044,#4083,#4084);
#3315=AXIS2_PLACEMENT_3D('',#5047,#4086,#4087);
#3316=AXIS2_PLACEMENT_3D('',#5048,#4088,#4089);
#3317=AXIS2_PLACEMENT_3D('',#5051,#4091,#4092);
#3318=AXIS2_PLACEMENT_3D('',#5052,#4093,#4094);
#3319=AXIS2_PLACEMENT_3D('',#5055,#4096,#4097);
#3320=AXIS2_PLACEMENT_3D('',#5056,#4098,#4099);
#3321=AXIS2_PLACEMENT_3D('',#5059,#4101,#4102);
#3322=AXIS2_PLACEMENT_3D('',#5060,#4103,#4104);
#3323=AXIS2_PLACEMENT_3D('',#5063,#4106,#4107);
#3324=AXIS2_PLACEMENT_3D('',#5064,#4108,#4109);
#3325=AXIS2_PLACEMENT_3D('',#5067,#4111,#4112);
#3326=AXIS2_PLACEMENT_3D('',#5068,#4113,#4114);
#3327=AXIS2_PLACEMENT_3D('',#5071,#4116,#4117);
#3328=AXIS2_PLACEMENT_3D('',#5072,#4118,#4119);
#3329=AXIS2_PLACEMENT_3D('',#5075,#4121,#4122);
#3330=AXIS2_PLACEMENT_3D('',#5076,#4123,#4124);
#3331=AXIS2_PLACEMENT_3D('',#5079,#4126,#4127);
#3332=AXIS2_PLACEMENT_3D('',#5080,#4128,#4129);
#3333=AXIS2_PLACEMENT_3D('',#5083,#4131,#4132);
#3334=AXIS2_PLACEMENT_3D('',#5084,#4133,#4134);
#3335=AXIS2_PLACEMENT_3D('',#5088,#4136,#4137);
#3336=AXIS2_PLACEMENT_3D('',#5090,#4139,#4140);
#3337=AXIS2_PLACEMENT_3D('',#5093,#4142,#4143);
#3338=AXIS2_PLACEMENT_3D('',#5094,#4144,#4145);
#3339=AXIS2_PLACEMENT_3D('',#5097,#4147,#4148);
#3340=AXIS2_PLACEMENT_3D('',#5098,#4149,#4150);
#3341=AXIS2_PLACEMENT_3D('',#5101,#4152,#4153);
#3342=AXIS2_PLACEMENT_3D('',#5102,#4154,#4155);
#3343=AXIS2_PLACEMENT_3D('',#5105,#4157,#4158);
#3344=AXIS2_PLACEMENT_3D('',#5106,#4159,#4160);
#3345=AXIS2_PLACEMENT_3D('',#5109,#4162,#4163);
#3346=AXIS2_PLACEMENT_3D('',#5110,#4164,#4165);
#3347=AXIS2_PLACEMENT_3D('',#5113,#4167,#4168);
#3348=AXIS2_PLACEMENT_3D('',#5114,#4169,#4170);
#3349=AXIS2_PLACEMENT_3D('',#5117,#4172,#4173);
#3350=AXIS2_PLACEMENT_3D('',#5118,#4174,#4175);
#3351=AXIS2_PLACEMENT_3D('',#5121,#4177,#4178);
#3352=AXIS2_PLACEMENT_3D('',#5122,#4179,#4180);
#3353=AXIS2_PLACEMENT_3D('',#5125,#4182,#4183);
#3354=AXIS2_PLACEMENT_3D('',#5126,#4184,#4185);
#3355=AXIS2_PLACEMENT_3D('',#5129,#4187,#4188);
#3356=AXIS2_PLACEMENT_3D('',#5130,#4189,#4190);
#3357=AXIS2_PLACEMENT_3D('',#5132,#4191,#4192);
#3358=AXIS2_PLACEMENT_3D('',#5134,#4193,#4194);
#3359=AXIS2_PLACEMENT_3D('',#5136,#4195,#4196);
#3360=AXIS2_PLACEMENT_3D('',#5138,#4197,#4198);
#3361=AXIS2_PLACEMENT_3D('',#5140,#4199,#4200);
#3362=AXIS2_PLACEMENT_3D('',#5142,#4201,#4202);
#3363=AXIS2_PLACEMENT_3D('',#5144,#4203,#4204);
#3364=AXIS2_PLACEMENT_3D('',#5146,#4205,#4206);
#3365=AXIS2_PLACEMENT_3D('',#5148,#4207,#4208);
#3366=AXIS2_PLACEMENT_3D('',#5150,#4209,#4210);
#3367=AXIS2_PLACEMENT_3D('',#5152,#4211,#4212);
#3368=AXIS2_PLACEMENT_3D('',#5153,#4213,#4214);
#3369=AXIS2_PLACEMENT_3D('',#5155,#4215,#4216);
#3370=AXIS2_PLACEMENT_3D('',#5157,#4217,#4218);
#3371=AXIS2_PLACEMENT_3D('',#5159,#4219,#4220);
#3372=AXIS2_PLACEMENT_3D('',#5161,#4221,#4222);
#3373=AXIS2_PLACEMENT_3D('',#5163,#4223,#4224);
#3374=AXIS2_PLACEMENT_3D('',#5165,#4225,#4226);
#3375=AXIS2_PLACEMENT_3D('',#5167,#4227,#4228);
#3376=AXIS2_PLACEMENT_3D('',#5169,#4229,#4230);
#3377=AXIS2_PLACEMENT_3D('',#5171,#4231,#4232);
#3378=AXIS2_PLACEMENT_3D('',#5173,#4233,#4234);
#3379=AXIS2_PLACEMENT_3D('',#5174,#4235,#4236);
#3380=AXIS2_PLACEMENT_3D('',#5177,#4237,#4238);
#3381=AXIS2_PLACEMENT_3D('',#5178,#4239,#4240);
#3382=AXIS2_PLACEMENT_3D('',#5180,#4241,#4242);
#3383=AXIS2_PLACEMENT_3D('',#5182,#4243,#4244);
#3384=AXIS2_PLACEMENT_3D('',#5184,#4245,#4246);
#3385=AXIS2_PLACEMENT_3D('',#5186,#4247,#4248);
#3386=AXIS2_PLACEMENT_3D('',#5188,#4249,#4250);
#3387=AXIS2_PLACEMENT_3D('',#5190,#4251,#4252);
#3388=AXIS2_PLACEMENT_3D('',#5192,#4253,#4254);
#3389=AXIS2_PLACEMENT_3D('',#5194,#4255,#4256);
#3390=AXIS2_PLACEMENT_3D('',#5195,#4257,#4258);
#3391=AXIS2_PLACEMENT_3D('',#5197,#4259,#4260);
#3392=AXIS2_PLACEMENT_3D('',#5199,#4261,#4262);
#3393=AXIS2_PLACEMENT_3D('',#5201,#4263,#4264);
#3394=AXIS2_PLACEMENT_3D('',#5203,#4265,#4266);
#3395=AXIS2_PLACEMENT_3D('',#5205,#4267,#4268);
#3396=AXIS2_PLACEMENT_3D('',#5207,#4269,#4270);
#3397=AXIS2_PLACEMENT_3D('',#5208,#4271,#4272);
#3398=AXIS2_PLACEMENT_3D('',#5210,#4274,#4275);
#3399=AXIS2_PLACEMENT_3D('',#5213,#4278,#4279);
#3400=AXIS2_PLACEMENT_3D('',#5215,#4281,#4282);
#3401=AXIS2_PLACEMENT_3D('',#5218,#4285,#4286);
#3402=AXIS2_PLACEMENT_3D('',#5220,#4288,#4289);
#3403=AXIS2_PLACEMENT_3D('',#5222,#4291,#4292);
#3404=AXIS2_PLACEMENT_3D('',#5224,#4294,#4295);
#3405=AXIS2_PLACEMENT_3D('',#5226,#4297,#4298);
#3406=AXIS2_PLACEMENT_3D('',#5229,#4301,#4302);
#3407=AXIS2_PLACEMENT_3D('',#5230,#4303,#4304);
#3408=AXIS2_PLACEMENT_3D('',#5233,#4307,#4308);
#3409=AXIS2_PLACEMENT_3D('',#5235,#4310,#4311);
#3410=AXIS2_PLACEMENT_3D('',#5237,#4313,#4314);
#3411=AXIS2_PLACEMENT_3D('',#5239,#4316,#4317);
#3412=AXIS2_PLACEMENT_3D('',#5241,#4319,#4320);
#3413=AXIS2_PLACEMENT_3D('',#5243,#4322,#4323);
#3414=AXIS2_PLACEMENT_3D('',#5245,#4325,#4326);
#3415=AXIS2_PLACEMENT_3D('',#5247,#4328,#4329);
#3416=AXIS2_PLACEMENT_3D('',#5248,#4330,#4331);
#3417=AXIS2_PLACEMENT_3D('',#5250,#4333,#4334);
#3418=AXIS2_PLACEMENT_3D('',#5252,#4336,#4337);
#3419=AXIS2_PLACEMENT_3D('',#5254,#4339,#4340);
#3420=AXIS2_PLACEMENT_3D('',#5256,#4342,#4343);
#3421=AXIS2_PLACEMENT_3D('',#5258,#4345,#4346);
#3422=AXIS2_PLACEMENT_3D('',#5259,#4347,#4348);
#3423=AXIS2_PLACEMENT_3D('',#5260,#4349,#4350);
#3424=AXIS2_PLACEMENT_3D('',#5262,#4352,#4353);
#3425=AXIS2_PLACEMENT_3D('',#5264,#4355,#4356);
#3426=AXIS2_PLACEMENT_3D('',#5266,#4358,#4359);
#3427=AXIS2_PLACEMENT_3D('',#5268,#4361,#4362);
#3428=AXIS2_PLACEMENT_3D('',#5270,#4364,#4365);
#3429=AXIS2_PLACEMENT_3D('',#5271,#4366,#4367);
#3430=AXIS2_PLACEMENT_3D('',#5272,#4368,#4369);
#3431=AXIS2_PLACEMENT_3D('',#5274,#4371,#4372);
#3432=AXIS2_PLACEMENT_3D('',#5276,#4374,#4375);
#3433=AXIS2_PLACEMENT_3D('',#5278,#4377,#4378);
#3434=AXIS2_PLACEMENT_3D('',#5280,#4380,#4381);
#3435=AXIS2_PLACEMENT_3D('',#5282,#4383,#4384);
#3436=AXIS2_PLACEMENT_3D('',#5283,#4385,#4386);
#3437=DIRECTION('axis',(0.,0.,1.));
#3438=DIRECTION('refdir',(1.,0.,0.));
#3439=DIRECTION('center_axis',(0.,0.,1.));
#3440=DIRECTION('ref_axis',(-1.,0.,0.));
#3441=DIRECTION('center_axis',(0.,0.,-1.));
#3442=DIRECTION('ref_axis',(-1.,0.,0.));
#3443=DIRECTION('',(0.,0.,-1.));
#3444=DIRECTION('center_axis',(0.,0.,-1.));
#3445=DIRECTION('ref_axis',(-1.,0.,0.));
#3446=DIRECTION('center_axis',(0.999982089931359,0.00598496587382617,0.));
#3447=DIRECTION('ref_axis',(-0.00598496587382617,0.999982089931359,0.));
#3448=DIRECTION('',(0.00598496587382617,-0.999982089931359,0.));
#3449=DIRECTION('',(0.,0.,1.));
#3450=DIRECTION('',(-0.00598496587382617,0.999982089931359,0.));
#3451=DIRECTION('',(0.,0.,1.));
#3452=DIRECTION('center_axis',(0.00594306407307073,-0.999982339838771,0.));
#3453=DIRECTION('ref_axis',(0.999982339838771,0.00594306407307073,0.));
#3454=DIRECTION('',(-0.999982339838771,-0.00594306407307073,0.));
#3455=DIRECTION('',(0.999982339838771,0.00594306407307073,0.));
#3456=DIRECTION('',(0.,0.,1.));
#3457=DIRECTION('center_axis',(0.00524399822120634,-0.999986250146799,0.));
#3458=DIRECTION('ref_axis',(0.999986250146799,0.00524399822120634,0.));
#3459=DIRECTION('',(-0.999986250146799,-0.00524399822120634,0.));
#3460=DIRECTION('',(0.999986250146799,0.00524399822120634,0.));
#3461=DIRECTION('',(0.,0.,1.));
#3462=DIRECTION('center_axis',(-0.999982339838771,-0.00594306407307082,
0.));
#3463=DIRECTION('ref_axis',(0.00594306407307082,-0.999982339838771,0.));
#3464=DIRECTION('',(-0.00594306407307082,0.999982339838771,0.));
#3465=DIRECTION('',(0.00594306407307082,-0.999982339838771,0.));
#3466=DIRECTION('',(0.,0.,1.));
#3467=DIRECTION('center_axis',(-2.9528879048119E-7,0.999999999999956,0.));
#3468=DIRECTION('ref_axis',(-0.999999999999956,-2.9528879048119E-7,0.));
#3469=DIRECTION('',(0.999999999999956,2.9528879048119E-7,0.));
#3470=DIRECTION('',(-0.999999999999956,-2.9528879048119E-7,0.));
#3471=DIRECTION('center_axis',(0.,0.,1.));
#3472=DIRECTION('ref_axis',(-1.,0.,0.));
#3473=DIRECTION('center_axis',(0.,0.,1.));
#3474=DIRECTION('ref_axis',(-1.,0.,0.));
#3475=DIRECTION('center_axis',(0.,0.,1.));
#3476=DIRECTION('ref_axis',(-1.,0.,0.));
#3477=DIRECTION('center_axis',(0.,0.,-1.));
#3478=DIRECTION('ref_axis',(-1.,0.,0.));
#3479=DIRECTION('',(0.,0.,-1.));
#3480=DIRECTION('center_axis',(0.,0.,-1.));
#3481=DIRECTION('ref_axis',(-1.,0.,0.));
#3482=DIRECTION('center_axis',(0.866025551428796,-0.499999744272385,0.));
#3483=DIRECTION('ref_axis',(0.499999744272385,0.866025551428796,0.));
#3484=DIRECTION('',(-0.499999744272385,-0.866025551428796,0.));
#3485=DIRECTION('',(0.,0.,1.));
#3486=DIRECTION('',(0.499999744272385,0.866025551428796,0.));
#3487=DIRECTION('',(0.,0.,1.));
#3488=DIRECTION('center_axis',(-0.494807912478164,-0.869002376146925,0.));
#3489=DIRECTION('ref_axis',(0.869002376146925,-0.494807912478164,0.));
#3490=DIRECTION('',(-0.869002376146925,0.494807912478164,0.));
#3491=DIRECTION('',(0.869002376146925,-0.494807912478164,0.));
#3492=DIRECTION('',(0.,0.,1.));
#3493=DIRECTION('center_axis',(-0.868635495172871,0.495451689396435,0.));
#3494=DIRECTION('ref_axis',(-0.495451689396435,-0.868635495172871,0.));
#3495=DIRECTION('',(0.495451689396435,0.868635495172871,0.));
#3496=DIRECTION('',(-0.495451689396435,-0.868635495172871,0.));
#3497=DIRECTION('',(0.,0.,1.));
#3498=DIRECTION('center_axis',(0.494844325455788,0.868981641672715,0.));
#3499=DIRECTION('ref_axis',(-0.868981641672715,0.494844325455788,0.));
#3500=DIRECTION('',(0.868981641672715,-0.494844325455788,0.));
#3501=DIRECTION('',(-0.868981641672715,0.494844325455788,0.));
#3502=DIRECTION('center_axis',(0.,0.,1.));
#3503=DIRECTION('ref_axis',(-1.,0.,0.));
#3504=DIRECTION('center_axis',(0.,0.,1.));
#3505=DIRECTION('ref_axis',(-1.,0.,0.));
#3506=DIRECTION('center_axis',(0.,0.,1.));
#3507=DIRECTION('ref_axis',(-1.,0.,0.));
#3508=DIRECTION('center_axis',(0.,0.,-1.));
#3509=DIRECTION('ref_axis',(-1.,0.,0.));
#3510=DIRECTION('',(0.,0.,-1.));
#3511=DIRECTION('center_axis',(0.,0.,-1.));
#3512=DIRECTION('ref_axis',(-1.,0.,0.));
#3513=DIRECTION('center_axis',(-0.866025256140006,-0.500000255727572,0.));
#3514=DIRECTION('ref_axis',(0.500000255727572,-0.866025256140006,0.));
#3515=DIRECTION('',(-0.500000255727572,0.866025256140006,0.));
#3516=DIRECTION('',(0.,0.,1.));
#3517=DIRECTION('',(0.500000255727572,-0.866025256140006,0.));
#3518=DIRECTION('',(0.,0.,1.));
#3519=DIRECTION('center_axis',(-0.505174177453196,0.863017410273099,0.));
#3520=DIRECTION('ref_axis',(-0.863017410273099,-0.505174177453196,0.));
#3521=DIRECTION('',(0.863017410273099,0.505174177453196,0.));
#3522=DIRECTION('',(-0.863017410273099,-0.505174177453196,0.));
#3523=DIRECTION('',(0.,0.,1.));
#3524=DIRECTION('center_axis',(0.863391496951665,0.504534560750365,0.));
#3525=DIRECTION('ref_axis',(-0.504534560750365,0.863391496951665,0.));
#3526=DIRECTION('',(0.504534560750365,-0.863391496951665,0.));
#3527=DIRECTION('',(-0.504534560750365,0.863391496951665,0.));
#3528=DIRECTION('',(0.,0.,1.));
#3529=DIRECTION('center_axis',(0.505138014382983,-0.863038577599644,0.));
#3530=DIRECTION('ref_axis',(0.863038577599644,0.505138014382983,0.));
#3531=DIRECTION('',(-0.863038577599644,-0.505138014382983,0.));
#3532=DIRECTION('',(0.863038577599644,0.505138014382983,0.));
#3533=DIRECTION('center_axis',(0.,0.,1.));
#3534=DIRECTION('ref_axis',(-1.,0.,0.));
#3535=DIRECTION('center_axis',(0.,0.,1.));
#3536=DIRECTION('ref_axis',(-1.,0.,0.));
#3537=DIRECTION('center_axis',(0.,1.,0.));
#3538=DIRECTION('ref_axis',(-1.,0.,0.));
#3539=DIRECTION('',(1.,0.,0.));
#3540=DIRECTION('',(0.,0.,1.));
#3541=DIRECTION('',(-1.,0.,0.));
#3542=DIRECTION('',(0.,0.,1.));
#3543=DIRECTION('center_axis',(1.,1.98660208954608E-16,0.));
#3544=DIRECTION('ref_axis',(-1.98660208954608E-16,1.,0.));
#3545=DIRECTION('',(1.98660208954608E-16,-1.,0.));
#3546=DIRECTION('',(-1.98660208954608E-16,1.,0.));
#3547=DIRECTION('',(0.,0.,1.));
#3548=DIRECTION('center_axis',(0.,0.,1.));
#3549=DIRECTION('ref_axis',(-1.,0.,0.));
#3550=DIRECTION('center_axis',(0.,0.,1.));
#3551=DIRECTION('ref_axis',(-1.,0.,0.));
#3552=DIRECTION('center_axis',(0.,0.,1.));
#3553=DIRECTION('ref_axis',(-1.,0.,0.));
#3554=DIRECTION('',(0.,0.,1.));
#3555=DIRECTION('center_axis',(-0.999982336466598,-0.00594363144922004,
0.));
#3556=DIRECTION('ref_axis',(0.00594363144922004,-0.999982336466598,0.));
#3557=DIRECTION('',(0.00594363144922004,-0.999982336466598,0.));
#3558=DIRECTION('',(0.00594363144922004,-0.999982336466598,0.));
#3559=DIRECTION('center_axis',(0.,0.,1.));
#3560=DIRECTION('ref_axis',(-1.,0.,0.));
#3561=DIRECTION('center_axis',(0.,0.,1.));
#3562=DIRECTION('ref_axis',(-1.,0.,0.));
#3563=DIRECTION('center_axis',(0.,0.,1.));
#3564=DIRECTION('ref_axis',(-1.,0.,0.));
#3565=DIRECTION('',(0.86897061104979,-0.494863695507919,0.));
#3566=DIRECTION('',(-0.868981641672715,0.494844325455788,0.));
#3567=DIRECTION('',(0.494844325455789,0.868981641672714,0.));
#3568=DIRECTION('center_axis',(0.494844325455788,0.868981641672715,0.));
#3569=DIRECTION('ref_axis',(-0.868981641672715,0.494844325455788,0.));
#3570=DIRECTION('',(-0.868981641672715,0.494844325455788,0.));
#3571=DIRECTION('',(0.,0.,1.));
#3572=DIRECTION('',(0.,0.,1.));
#3573=DIRECTION('center_axis',(0.868981641672714,-0.494844325455789,0.));
#3574=DIRECTION('ref_axis',(0.494844325455789,0.868981641672714,0.));
#3575=DIRECTION('',(0.,0.,-1.));
#3576=DIRECTION('',(0.494844325455789,0.868981641672714,0.));
#3577=DIRECTION('center_axis',(-0.494863695507919,-0.86897061104979,0.));
#3578=DIRECTION('ref_axis',(0.86897061104979,-0.494863695507919,0.));
#3579=DIRECTION('',(-0.86897061104979,0.494863695507919,0.));
#3580=DIRECTION('',(0.,0.,1.));
#3581=DIRECTION('',(0.86897061104979,-0.494863695507919,0.));
#3582=DIRECTION('',(0.,0.,1.));
#3583=DIRECTION('center_axis',(0.,0.,1.));
#3584=DIRECTION('ref_axis',(-1.,0.,0.));
#3585=DIRECTION('center_axis',(0.,0.,1.));
#3586=DIRECTION('ref_axis',(-1.,0.,0.));
#3587=DIRECTION('center_axis',(0.,0.,1.));
#3588=DIRECTION('ref_axis',(-1.,0.,0.));
#3589=DIRECTION('',(0.,0.,1.));
#3590=DIRECTION('center_axis',(0.494863695507918,0.868970611049791,0.));
#3591=DIRECTION('ref_axis',(-0.868970611049791,0.494863695507918,0.));
#3592=DIRECTION('',(-0.868970611049791,0.494863695507918,0.));
#3593=DIRECTION('',(-0.868970611049791,0.494863695507918,0.));
#3594=DIRECTION('',(0.,0.,1.));
#3595=DIRECTION('center_axis',(0.86897061104979,-0.494863695507919,0.));
#3596=DIRECTION('ref_axis',(0.494863695507919,0.86897061104979,0.));
#3597=DIRECTION('',(0.494863695507919,0.86897061104979,0.));
#3598=DIRECTION('',(0.494863695507919,0.86897061104979,0.));
#3599=DIRECTION('center_axis',(0.,0.,1.));
#3600=DIRECTION('ref_axis',(-1.,0.,0.));
#3601=DIRECTION('center_axis',(0.,0.,1.));
#3602=DIRECTION('ref_axis',(-1.,0.,0.));
#3603=DIRECTION('center_axis',(0.,0.,1.));
#3604=DIRECTION('ref_axis',(-1.,0.,0.));
#3605=DIRECTION('',(-0.8630498372454,-0.505118776557246,0.));
#3606=DIRECTION('',(0.863038577599644,0.505138014382983,0.));
#3607=DIRECTION('',(0.505138014382982,-0.863038577599645,0.));
#3608=DIRECTION('center_axis',(0.505138014382983,-0.863038577599644,0.));
#3609=DIRECTION('ref_axis',(0.863038577599644,0.505138014382983,0.));
#3610=DIRECTION('',(0.863038577599644,0.505138014382983,0.));
#3611=DIRECTION('',(0.,0.,1.));
#3612=DIRECTION('',(0.,0.,1.));
#3613=DIRECTION('center_axis',(-0.863038577599645,-0.505138014382982,0.));
#3614=DIRECTION('ref_axis',(0.505138014382982,-0.863038577599645,0.));
#3615=DIRECTION('',(0.,0.,-1.));
#3616=DIRECTION('',(0.505138014382982,-0.863038577599645,0.));
#3617=DIRECTION('center_axis',(-0.505118776557246,0.8630498372454,0.));
#3618=DIRECTION('ref_axis',(-0.8630498372454,-0.505118776557246,0.));
#3619=DIRECTION('',(0.8630498372454,0.505118776557246,0.));
#3620=DIRECTION('',(0.,0.,1.));
#3621=DIRECTION('',(-0.8630498372454,-0.505118776557246,0.));
#3622=DIRECTION('',(0.,0.,1.));
#3623=DIRECTION('center_axis',(0.,0.,1.));
#3624=DIRECTION('ref_axis',(-1.,0.,0.));
#3625=DIRECTION('center_axis',(0.,0.,1.));
#3626=DIRECTION('ref_axis',(-1.,0.,0.));
#3627=DIRECTION('center_axis',(0.,0.,1.));
#3628=DIRECTION('ref_axis',(-1.,0.,0.));
#3629=DIRECTION('',(0.,0.,1.));
#3630=DIRECTION('center_axis',(0.505118776557246,-0.8630498372454,0.));
#3631=DIRECTION('ref_axis',(0.8630498372454,0.505118776557246,0.));
#3632=DIRECTION('',(0.8630498372454,0.505118776557246,0.));
#3633=DIRECTION('',(0.8630498372454,0.505118776557246,0.));
#3634=DIRECTION('',(0.,0.,1.));
#3635=DIRECTION('center_axis',(-0.8630498372454,-0.505118776557246,0.));
#3636=DIRECTION('ref_axis',(0.505118776557246,-0.8630498372454,0.));
#3637=DIRECTION('',(0.505118776557246,-0.8630498372454,0.));
#3638=DIRECTION('',(0.505118776557246,-0.8630498372454,0.));
#3639=DIRECTION('center_axis',(0.,0.,1.));
#3640=DIRECTION('ref_axis',(-1.,0.,0.));
#3641=DIRECTION('center_axis',(0.,0.,1.));
#3642=DIRECTION('ref_axis',(-1.,0.,0.));
#3643=DIRECTION('center_axis',(0.,0.,1.));
#3644=DIRECTION('ref_axis',(-1.,0.,0.));
#3645=DIRECTION('',(-0.00592077380439084,0.999982472065164,0.));
#3646=DIRECTION('',(0.00594306407307075,-0.999982339838771,0.));
#3647=DIRECTION('',(-0.999982339838771,-0.00594306407306872,0.));
#3648=DIRECTION('center_axis',(-0.999982339838771,-0.00594306407307076,
0.));
#3649=DIRECTION('ref_axis',(0.00594306407307075,-0.999982339838771,0.));
#3650=DIRECTION('',(0.00594306407307075,-0.999982339838771,0.));
#3651=DIRECTION('',(0.,0.,1.));
#3652=DIRECTION('',(0.,0.,1.));
#3653=DIRECTION('center_axis',(-0.00594306407306872,0.999982339838771,0.));
#3654=DIRECTION('ref_axis',(-0.999982339838771,-0.00594306407306872,0.));
#3655=DIRECTION('',(0.,0.,-1.));
#3656=DIRECTION('',(-0.999982339838771,-0.00594306407306872,0.));
#3657=DIRECTION('center_axis',(0.999982472065164,0.00592077380439084,0.));
#3658=DIRECTION('ref_axis',(-0.00592077380439084,0.999982472065164,0.));
#3659=DIRECTION('',(0.00592077380439084,-0.999982472065164,0.));
#3660=DIRECTION('',(0.,0.,1.));
#3661=DIRECTION('',(-0.00592077380439084,0.999982472065164,0.));
#3662=DIRECTION('',(0.,0.,1.));
#3663=DIRECTION('center_axis',(0.,0.,1.));
#3664=DIRECTION('ref_axis',(-1.,0.,0.));
#3665=DIRECTION('center_axis',(0.,0.,1.));
#3666=DIRECTION('ref_axis',(-1.,0.,0.));
#3667=DIRECTION('center_axis',(0.,0.,1.));
#3668=DIRECTION('ref_axis',(-1.,0.,0.));
#3669=DIRECTION('',(0.,0.,1.));
#3670=DIRECTION('center_axis',(-0.999982472065164,-0.0059207738043911,0.));
#3671=DIRECTION('ref_axis',(0.0059207738043911,-0.999982472065164,0.));
#3672=DIRECTION('',(0.0059207738043911,-0.999982472065164,0.));
#3673=DIRECTION('',(0.0059207738043911,-0.999982472065164,0.));
#3674=DIRECTION('',(0.,0.,1.));
#3675=DIRECTION('center_axis',(-0.00592077380439094,0.999982472065164,0.));
#3676=DIRECTION('ref_axis',(-0.999982472065164,-0.00592077380439093,0.));
#3677=DIRECTION('',(-0.999982472065164,-0.00592077380439093,0.));
#3678=DIRECTION('',(-0.999982472065164,-0.00592077380439093,0.));
#3679=DIRECTION('center_axis',(0.,0.,1.));
#3680=DIRECTION('ref_axis',(-1.,0.,0.));
#3681=DIRECTION('center_axis',(0.,0.,1.));
#3682=DIRECTION('ref_axis',(-1.,0.,0.));
#3683=DIRECTION('center_axis',(-0.5,-0.866025403784438,0.));
#3684=DIRECTION('ref_axis',(0.866025403784438,-0.5,0.));
#3685=DIRECTION('',(-0.866025403784438,0.5,0.));
#3686=DIRECTION('',(0.,0.,1.));
#3687=DIRECTION('',(0.866025403784438,-0.5,0.));
#3688=DIRECTION('',(0.,0.,1.));
#3689=DIRECTION('center_axis',(0.,0.,1.));
#3690=DIRECTION('ref_axis',(-1.,0.,0.));
#3691=DIRECTION('center_axis',(0.,0.,1.));
#3692=DIRECTION('ref_axis',(-1.,0.,0.));
#3693=DIRECTION('center_axis',(0.,0.,1.));
#3694=DIRECTION('ref_axis',(-1.,0.,0.));
#3695=DIRECTION('',(0.,0.,1.));
#3696=DIRECTION('center_axis',(0.494843832407543,0.868981922440402,0.));
#3697=DIRECTION('ref_axis',(-0.868981922440401,0.494843832407543,0.));
#3698=DIRECTION('',(-0.868981922440401,0.494843832407543,0.));
#3699=DIRECTION('',(-0.868981922440401,0.494843832407543,0.));
#3700=DIRECTION('',(0.,0.,1.));
#3701=DIRECTION('center_axis',(0.866025403784438,-0.5,0.));
#3702=DIRECTION('ref_axis',(0.5,0.866025403784438,0.));
#3703=DIRECTION('',(-0.5,-0.866025403784438,0.));
#3704=DIRECTION('',(0.5,0.866025403784438,0.));
#3705=DIRECTION('center_axis',(0.,0.,1.));
#3706=DIRECTION('ref_axis',(-1.,0.,0.));
#3707=DIRECTION('center_axis',(0.,0.,1.));
#3708=DIRECTION('ref_axis',(-1.,0.,0.));
#3709=DIRECTION('center_axis',(-0.5,0.866025403784439,0.));
#3710=DIRECTION('ref_axis',(-0.866025403784439,-0.5,0.));
#3711=DIRECTION('',(0.866025403784439,0.5,0.));
#3712=DIRECTION('',(0.,0.,1.));
#3713=DIRECTION('',(-0.866025403784439,-0.5,0.));
#3714=DIRECTION('',(0.,0.,1.));
#3715=DIRECTION('center_axis',(0.,0.,1.));
#3716=DIRECTION('ref_axis',(-1.,0.,0.));
#3717=DIRECTION('center_axis',(0.,0.,1.));
#3718=DIRECTION('ref_axis',(-1.,0.,0.));
#3719=DIRECTION('center_axis',(0.,0.,1.));
#3720=DIRECTION('ref_axis',(-1.,0.,0.));
#3721=DIRECTION('',(0.,0.,1.));
#3722=DIRECTION('center_axis',(0.505138504059055,-0.863038290991182,0.));
#3723=DIRECTION('ref_axis',(0.863038290991182,0.505138504059055,0.));
#3724=DIRECTION('',(0.863038290991182,0.505138504059055,0.));
#3725=DIRECTION('',(0.863038290991182,0.505138504059055,0.));
#3726=DIRECTION('',(0.,0.,1.));
#3727=DIRECTION('center_axis',(-0.866025403784439,-0.5,0.));
#3728=DIRECTION('ref_axis',(0.5,-0.866025403784439,0.));
#3729=DIRECTION('',(-0.5,0.866025403784439,0.));
#3730=DIRECTION('',(0.5,-0.866025403784439,0.));
#3731=DIRECTION('center_axis',(0.,0.,1.));
#3732=DIRECTION('ref_axis',(-1.,0.,0.));
#3733=DIRECTION('center_axis',(0.,0.,1.));
#3734=DIRECTION('ref_axis',(-1.,0.,0.));
#3735=DIRECTION('center_axis',(0.,0.,1.));
#3736=DIRECTION('ref_axis',(-1.,0.,0.));
#3737=DIRECTION('',(-0.999982339838771,-0.00594306407307149,0.));
#3738=DIRECTION('',(0.999999999999956,2.9528879048119E-7,0.));
#3739=DIRECTION('',(-0.999982339838771,-0.00594306407306872,0.));
#3740=DIRECTION('',(-0.00594306407307075,0.999982339838771,0.));
#3741=DIRECTION('',(0.999982339838771,0.00594306407307073,0.));
#3742=DIRECTION('',(0.0059430640730709,-0.999982339838771,0.));
#3743=DIRECTION('center_axis',(2.9528879048119E-7,-0.999999999999956,0.));
#3744=DIRECTION('ref_axis',(0.999999999999956,2.9528879048119E-7,0.));
#3745=DIRECTION('',(0.,0.,1.));
#3746=DIRECTION('',(0.999999999999956,2.9528879048119E-7,0.));
#3747=DIRECTION('',(0.,0.,1.));
#3748=DIRECTION('center_axis',(-0.00594306407307073,0.999982339838771,0.));
#3749=DIRECTION('ref_axis',(-0.999982339838771,-0.00594306407307073,0.));
#3750=DIRECTION('',(0.,0.,1.));
#3751=DIRECTION('',(-0.999982339838771,-0.00594306407307073,0.));
#3752=DIRECTION('',(0.,0.,1.));
#3753=DIRECTION('center_axis',(-0.999982339838771,-0.00594306407307076,
0.));
#3754=DIRECTION('ref_axis',(0.00594306407307075,-0.999982339838771,0.));
#3755=DIRECTION('',(0.00594306407307075,-0.999982339838771,0.));
#3756=DIRECTION('',(0.,0.,1.));
#3757=DIRECTION('',(0.0059430640730702,-0.999982339838771,0.));
#3758=DIRECTION('',(0.,0.,1.));
#3759=DIRECTION('center_axis',(0.,0.,1.));
#3760=DIRECTION('ref_axis',(-1.,0.,0.));
#3761=DIRECTION('center_axis',(0.,0.,1.));
#3762=DIRECTION('ref_axis',(1.,0.,0.));
#3763=DIRECTION('',(-0.999982339838771,-0.00594306407306872,0.));
#3764=DIRECTION('',(-0.999982339838771,-0.00594306407307149,0.));
#3765=DIRECTION('',(-0.0059430640730709,0.999982339838771,0.));
#3766=DIRECTION('center_axis',(0.,0.,1.));
#3767=DIRECTION('ref_axis',(-1.,0.,0.));
#3768=DIRECTION('center_axis',(0.,0.,1.));
#3769=DIRECTION('ref_axis',(-1.,0.,0.));
#3770=DIRECTION('',(-0.00594306407307071,0.999982339838771,0.));
#3771=DIRECTION('center_axis',(0.,0.,1.));
#3772=DIRECTION('ref_axis',(1.,0.,0.));
#3773=DIRECTION('',(0.,0.,1.));
#3774=DIRECTION('center_axis',(0.999982339838771,0.0059430640730709,0.));
#3775=DIRECTION('ref_axis',(-0.0059430640730709,0.999982339838771,0.));
#3776=DIRECTION('',(0.,0.,-1.));
#3777=DIRECTION('center_axis',(-0.00594306407306872,0.999982339838771,0.));
#3778=DIRECTION('ref_axis',(-0.999982339838771,-0.00594306407306872,0.));
#3779=DIRECTION('center_axis',(-0.00594306407307149,0.999982339838771,0.));
#3780=DIRECTION('ref_axis',(-0.999982339838771,-0.00594306407307149,0.));
#3781=DIRECTION('center_axis',(-0.863038577599645,-0.505138014382982,0.));
#3782=DIRECTION('ref_axis',(0.505138014382982,-0.863038577599645,0.));
#3783=DIRECTION('',(0.505138014382982,-0.863038577599645,0.));
#3784=DIRECTION('',(0.,0.,1.));
#3785=DIRECTION('',(0.505138014382982,-0.863038577599645,0.));
#3786=DIRECTION('',(0.,0.,1.));
#3787=DIRECTION('center_axis',(-0.863038577599644,-0.505138014382984,0.));
#3788=DIRECTION('ref_axis',(0.505138014382984,-0.863038577599644,0.));
#3789=DIRECTION('',(0.505138014382984,-0.863038577599644,0.));
#3790=DIRECTION('',(0.,0.,-1.));
#3791=DIRECTION('',(0.505138014382984,-0.863038577599643,0.));
#3792=DIRECTION('',(0.,0.,1.));
#3793=DIRECTION('center_axis',(-0.505138014382983,0.863038577599644,0.));
#3794=DIRECTION('ref_axis',(-0.863038577599644,-0.505138014382983,0.));
#3795=DIRECTION('',(-0.863038577599644,-0.505138014382983,0.));
#3796=DIRECTION('',(0.863038577599644,0.505138014382983,0.));
#3797=DIRECTION('',(0.,0.,1.));
#3798=DIRECTION('',(-0.863038577599644,-0.505138014382983,0.));
#3799=DIRECTION('',(0.,0.,1.));
#3800=DIRECTION('center_axis',(0.,0.,1.));
#3801=DIRECTION('ref_axis',(1.,0.,0.));
#3802=DIRECTION('center_axis',(0.,0.,1.));
#3803=DIRECTION('ref_axis',(1.,0.,0.));
#3804=DIRECTION('center_axis',(0.,0.,1.));
#3805=DIRECTION('ref_axis',(-1.,0.,0.));
#3806=DIRECTION('',(0.,0.,1.));
#3807=DIRECTION('center_axis',(0.,0.,1.));
#3808=DIRECTION('ref_axis',(-1.,0.,0.));
#3809=DIRECTION('',(0.505138014382983,-0.863038577599644,0.));
#3810=DIRECTION('',(0.863038577599645,0.505138014382983,0.));
#3811=DIRECTION('center_axis',(0.,0.,1.));
#3812=DIRECTION('ref_axis',(-1.,0.,0.));
#3813=DIRECTION('',(0.863038577599644,0.505138014382983,0.));
#3814=DIRECTION('',(-0.500000255727572,0.866025256140006,0.));
#3815=DIRECTION('center_axis',(0.505138014382983,-0.863038577599644,0.));
#3816=DIRECTION('ref_axis',(0.863038577599644,0.505138014382983,0.));
#3817=DIRECTION('',(0.,0.,1.));
#3818=DIRECTION('',(-0.863038577599644,-0.505138014382983,0.));
#3819=DIRECTION('center_axis',(-0.863038577599644,-0.505138014382983,0.));
#3820=DIRECTION('ref_axis',(0.505138014382983,-0.863038577599644,0.));
#3821=DIRECTION('',(-0.505138014382983,0.863038577599644,0.));
#3822=DIRECTION('center_axis',(0.866025256140006,0.500000255727572,0.));
#3823=DIRECTION('ref_axis',(-0.500000255727572,0.866025256140006,0.));
#3824=DIRECTION('',(-0.500000255727572,0.866025256140006,0.));
#3825=DIRECTION('center_axis',(0.,0.,1.));
#3826=DIRECTION('ref_axis',(-1.,0.,0.));
#3827=DIRECTION('center_axis',(0.,0.,1.));
#3828=DIRECTION('ref_axis',(-1.,0.,0.));
#3829=DIRECTION('',(0.494844325455789,0.868981641672714,0.));
#3830=DIRECTION('',(0.868981641672715,-0.494844325455788,0.));
#3831=DIRECTION('',(-0.494844325455788,-0.868981641672715,0.));
#3832=DIRECTION('',(-0.868981641672715,0.494844325455788,0.));
#3833=DIRECTION('',(0.494844325455788,0.868981641672715,0.));
#3834=DIRECTION('',(-0.499999744272385,-0.866025551428796,0.));
#3835=DIRECTION('center_axis',(-0.866025551428796,0.499999744272385,0.));
#3836=DIRECTION('ref_axis',(-0.499999744272385,-0.866025551428796,0.));
#3837=DIRECTION('',(0.,0.,1.));
#3838=DIRECTION('',(-0.499999744272385,-0.866025551428796,0.));
#3839=DIRECTION('',(0.,0.,1.));
#3840=DIRECTION('center_axis',(0.868981641672715,-0.494844325455788,0.));
#3841=DIRECTION('ref_axis',(0.494844325455788,0.868981641672715,0.));
#3842=DIRECTION('',(0.,0.,1.));
#3843=DIRECTION('',(0.494844325455788,0.868981641672715,0.));
#3844=DIRECTION('',(0.,0.,1.));
#3845=DIRECTION('center_axis',(0.494844325455788,0.868981641672715,0.));
#3846=DIRECTION('ref_axis',(-0.868981641672715,0.494844325455788,0.));
#3847=DIRECTION('',(-0.868981641672715,0.494844325455788,0.));
#3848=DIRECTION('',(0.,0.,1.));
#3849=DIRECTION('',(-0.868981641672714,0.494844325455788,0.));
#3850=DIRECTION('',(0.,0.,1.));
#3851=DIRECTION('center_axis',(0.,0.,1.));
#3852=DIRECTION('ref_axis',(-1.,0.,0.));
#3853=DIRECTION('center_axis',(0.,0.,1.));
#3854=DIRECTION('ref_axis',(1.,0.,0.));
#3855=DIRECTION('',(0.494844325455789,0.868981641672714,0.));
#3856=DIRECTION('',(0.494844325455788,0.868981641672715,0.));
#3857=DIRECTION('',(0.868981641672715,-0.494844325455788,0.));
#3858=DIRECTION('center_axis',(0.,0.,1.));
#3859=DIRECTION('ref_axis',(-1.,0.,0.));
#3860=DIRECTION('',(0.868981641672715,-0.494844325455788,0.));
#3861=DIRECTION('center_axis',(0.,0.,1.));
#3862=DIRECTION('ref_axis',(-1.,0.,0.));
#3863=DIRECTION('center_axis',(0.,0.,1.));
#3864=DIRECTION('ref_axis',(1.,0.,0.));
#3865=DIRECTION('',(0.,0.,1.));
#3866=DIRECTION('center_axis',(-0.494844325455788,-0.868981641672715,0.));
#3867=DIRECTION('ref_axis',(0.868981641672715,-0.494844325455788,0.));
#3868=DIRECTION('',(0.,0.,-1.));
#3869=DIRECTION('center_axis',(0.868981641672715,-0.494844325455788,0.));
#3870=DIRECTION('ref_axis',(0.494844325455788,0.868981641672715,0.));
#3871=DIRECTION('center_axis',(0.868981641672714,-0.494844325455789,0.));
#3872=DIRECTION('ref_axis',(0.494844325455789,0.868981641672714,0.));
#3873=DIRECTION('center_axis',(0.,0.,1.));
#3874=DIRECTION('ref_axis',(1.,0.,0.));
#3875=DIRECTION('center_axis',(0.,0.,1.));
#3876=DIRECTION('ref_axis',(1.,0.,0.));
#3877=DIRECTION('center_axis',(0.,0.,-1.));
#3878=DIRECTION('ref_axis',(-0.342020143325656,0.939692620785913,0.));
#3879=DIRECTION('center_axis',(0.,0.,1.));
#3880=DIRECTION('ref_axis',(1.,0.,0.));
#3881=DIRECTION('center_axis',(0.,0.,-1.));
#3882=DIRECTION('ref_axis',(-0.626462553518179,-0.779451518081454,0.));
#3883=DIRECTION('center_axis',(0.,0.,1.));
#3884=DIRECTION('ref_axis',(0.984807753012206,-0.173648177666945,0.));
#3885=DIRECTION('center_axis',(0.,0.,1.));
#3886=DIRECTION('ref_axis',(0.642787609686549,-0.76604444311897,0.));
#3887=DIRECTION('center_axis',(0.,0.,-1.));
#3888=DIRECTION('ref_axis',(0.642787598271598,-0.766044452697251,0.));
#3889=DIRECTION('center_axis',(0.,0.,-1.));
#3890=DIRECTION('ref_axis',(0.866025403784439,-0.5,0.));
#3891=DIRECTION('center_axis',(0.,0.,1.));
#3892=DIRECTION('ref_axis',(-0.984807753012205,0.173648177666945,0.));
#3893=DIRECTION('center_axis',(0.,0.,1.));
#3894=DIRECTION('ref_axis',(0.984807753012206,-0.173648177666944,0.));
#3895=DIRECTION('center_axis',(0.,0.,-1.));
#3896=DIRECTION('ref_axis',(-0.642787609686549,0.76604444311897,0.));
#3897=DIRECTION('center_axis',(0.,0.,-1.));
#3898=DIRECTION('ref_axis',(1.,0.,0.));
#3899=DIRECTION('center_axis',(0.,0.,-1.));
#3900=DIRECTION('ref_axis',(0.396311905336348,0.918115936953865,0.));
#3901=DIRECTION('center_axis',(0.,0.,1.));
#3902=DIRECTION('ref_axis',(1.,0.,0.));
#3903=DIRECTION('center_axis',(0.,0.,-1.));
#3904=DIRECTION('ref_axis',(0.993267677689569,-0.115841790633474,0.));
#3905=DIRECTION('center_axis',(0.,0.,-1.));
#3906=DIRECTION('ref_axis',(1.,0.,0.));
#3907=DIRECTION('center_axis',(0.,0.,-1.));
#3908=DIRECTION('ref_axis',(-0.299155050131766,0.954204514755962,0.));
#3909=DIRECTION('center_axis',(0.,0.,1.));
#3910=DIRECTION('ref_axis',(-0.342020143325656,-0.939692620785913,0.));
#3911=DIRECTION('center_axis',(0.,0.,-1.));
#3912=DIRECTION('ref_axis',(-0.342020143325656,0.939692620785913,0.));
#3913=DIRECTION('center_axis',(0.,0.,-1.));
#3914=DIRECTION('ref_axis',(0.342020143325656,-0.939692620785913,0.));
#3915=DIRECTION('center_axis',(0.,0.,1.));
#3916=DIRECTION('ref_axis',(-4.44089209850063E-16,1.,0.));
#3917=DIRECTION('center_axis',(0.,0.,1.));
#3918=DIRECTION('ref_axis',(0.342020157328167,0.939692615689416,0.));
#3919=DIRECTION('center_axis',(0.,0.,-1.));
#3920=DIRECTION('ref_axis',(0.342020143325656,0.939692620785913,0.));
#3921=DIRECTION('center_axis',(0.,0.,-1.));
#3922=DIRECTION('ref_axis',(-0.64278760968655,-0.766044443118969,0.));
#3923=DIRECTION('center_axis',(0.,0.,1.));
#3924=DIRECTION('ref_axis',(1.,0.,0.));
#3925=DIRECTION('center_axis',(0.,0.,-1.));
#3926=DIRECTION('ref_axis',(0.988256092435974,-0.152806726825684,0.));
#3927=DIRECTION('center_axis',(0.,0.,1.));
#3928=DIRECTION('ref_axis',(-0.342020143325656,0.939692620785913,0.));
#3929=DIRECTION('center_axis',(0.,0.,1.));
#3930=DIRECTION('ref_axis',(0.342020143325656,0.939692620785913,0.));
#3931=DIRECTION('center_axis',(0.,0.,-1.));
#3932=DIRECTION('ref_axis',(0.342020157328167,0.939692615689416,0.));
#3933=DIRECTION('center_axis',(0.,0.,-1.));
#3934=DIRECTION('ref_axis',(-4.44089209850063E-16,1.,0.));
#3935=DIRECTION('center_axis',(0.,0.,1.));
#3936=DIRECTION('ref_axis',(0.342020143325656,-0.939692620785913,0.));
#3937=DIRECTION('center_axis',(0.,0.,1.));
#3938=DIRECTION('ref_axis',(-0.342020143325656,0.939692620785913,0.));
#3939=DIRECTION('center_axis',(0.,0.,-1.));
#3940=DIRECTION('ref_axis',(-0.342020143325656,-0.939692620785913,0.));
#3941=DIRECTION('center_axis',(0.,0.,-1.));
#3942=DIRECTION('ref_axis',(1.,0.,0.));
#3943=DIRECTION('center_axis',(0.,0.,-1.));
#3944=DIRECTION('ref_axis',(-0.993267677689572,-0.115841790633449,0.));
#3945=DIRECTION('center_axis',(0.,0.,1.));
#3946=DIRECTION('ref_axis',(-0.5,0.866025403784439,0.));
#3947=DIRECTION('center_axis',(0.,0.,-1.));
#3948=DIRECTION('ref_axis',(-0.396311905336316,0.918115936953879,0.));
#3949=DIRECTION('center_axis',(0.,0.,-1.));
#3950=DIRECTION('ref_axis',(1.,0.,0.));
#3951=DIRECTION('center_axis',(0.,0.,-1.));
#3952=DIRECTION('ref_axis',(-0.676787825118582,-0.736178130462498,0.));
#3953=DIRECTION('center_axis',(0.,0.,1.));
#3954=DIRECTION('ref_axis',(0.984807753012206,0.173648177666943,0.));
#3955=DIRECTION('center_axis',(0.,0.,-1.));
#3956=DIRECTION('ref_axis',(-0.64278760968655,-0.766044443118969,0.));
#3957=DIRECTION('center_axis',(0.,0.,-1.));
#3958=DIRECTION('ref_axis',(0.64278760968655,0.766044443118969,0.));
#3959=DIRECTION('center_axis',(0.,0.,1.));
#3960=DIRECTION('ref_axis',(-0.866025403784439,-0.5,0.));
#3961=DIRECTION('center_axis',(0.,0.,1.));
#3962=DIRECTION('ref_axis',(-0.984807755599765,-0.173648162992165,0.));
#3963=DIRECTION('center_axis',(0.,0.,-1.));
#3964=DIRECTION('ref_axis',(-0.984807753012206,-0.173648177666943,0.));
#3965=DIRECTION('center_axis',(0.,0.,-1.));
#3966=DIRECTION('ref_axis',(0.984807753012206,-0.173648177666945,0.));
#3967=DIRECTION('center_axis',(0.,0.,1.));
#3968=DIRECTION('ref_axis',(1.,0.,0.));
#3969=DIRECTION('center_axis',(0.,0.,-1.));
#3970=DIRECTION('ref_axis',(-0.361793538917795,0.932258244907138,0.));
#3971=DIRECTION('center_axis',(0.,0.,1.));
#3972=DIRECTION('ref_axis',(-0.64278760968655,-0.766044443118969,0.));
#3973=DIRECTION('center_axis',(0.,0.,1.));
#3974=DIRECTION('ref_axis',(-0.984807753012206,-0.173648177666943,0.));
#3975=DIRECTION('center_axis',(0.,0.,-1.));
#3976=DIRECTION('ref_axis',(-0.984807755599765,-0.173648162992165,0.));
#3977=DIRECTION('center_axis',(0.,0.,-1.));
#3978=DIRECTION('ref_axis',(-0.866025403784438,-0.5,0.));
#3979=DIRECTION('center_axis',(0.,0.,1.));
#3980=DIRECTION('ref_axis',(0.64278760968655,0.766044443118969,0.));
#3981=DIRECTION('center_axis',(0.,0.,1.));
#3982=DIRECTION('ref_axis',(-0.64278760968655,-0.766044443118969,0.));
#3983=DIRECTION('center_axis',(0.,0.,-1.));
#3984=DIRECTION('ref_axis',(0.984807753012206,0.173648177666944,0.));
#3985=DIRECTION('center_axis',(0.,0.,-1.));
#3986=DIRECTION('ref_axis',(1.,0.,0.));
#3987=DIRECTION('center_axis',(0.,0.,-1.));
#3988=DIRECTION('ref_axis',(0.596955772353231,-0.802274146320419,0.));
#3989=DIRECTION('center_axis',(0.,0.,1.));
#3990=DIRECTION('ref_axis',(-0.5,-0.866025403784438,0.));
#3991=DIRECTION('center_axis',(0.,0.,-1.));
#3992=DIRECTION('ref_axis',(-0.596955772353255,-0.802274146320402,0.));
#3993=DIRECTION('center_axis',(0.,0.,-1.));
#3994=DIRECTION('ref_axis',(1.,0.,0.));
#3995=DIRECTION('center_axis',(0.,0.,-1.));
#3996=DIRECTION('ref_axis',(0.975942875250349,-0.218026384293466,0.));
#3997=DIRECTION('center_axis',(0.,0.,1.));
#3998=DIRECTION('ref_axis',(-0.642787609686549,0.76604444311897,0.));
#3999=DIRECTION('center_axis',(0.,0.,-1.));
#4000=DIRECTION('ref_axis',(0.984807753012206,-0.173648177666944,0.));
#4001=DIRECTION('center_axis',(0.,0.,-1.));
#4002=DIRECTION('ref_axis',(-0.984807753012205,0.173648177666945,0.));
#4003=DIRECTION('center_axis',(0.,0.,1.));
#4004=DIRECTION('ref_axis',(0.866025403784439,-0.5,0.));
#4005=DIRECTION('center_axis',(0.,0.,1.));
#4006=DIRECTION('ref_axis',(0.642787598271598,-0.766044452697251,0.));
#4007=DIRECTION('center_axis',(0.,0.,-1.));
#4008=DIRECTION('ref_axis',(0.642787609686549,-0.76604444311897,0.));
#4009=DIRECTION('center_axis',(0.,0.,-1.));
#4010=DIRECTION('ref_axis',(-1.,0.,0.));
#4011=DIRECTION('center_axis',(0.,0.,-1.));
#4012=DIRECTION('ref_axis',(-1.,0.,0.));
#4013=DIRECTION('center_axis',(0.,0.,-1.));
#4014=DIRECTION('ref_axis',(-1.,0.,0.));
#4015=DIRECTION('center_axis',(0.,0.,-1.));
#4016=DIRECTION('ref_axis',(-1.,0.,0.));
#4017=DIRECTION('center_axis',(0.,0.,-1.));
#4018=DIRECTION('ref_axis',(-1.,0.,0.));
#4019=DIRECTION('center_axis',(0.,0.,-1.));
#4020=DIRECTION('ref_axis',(-1.,0.,0.));
#4021=DIRECTION('center_axis',(0.,0.,-1.));
#4022=DIRECTION('ref_axis',(0.596955772353231,-0.802274146320419,0.));
#4023=DIRECTION('',(0.,0.,1.));
#4024=DIRECTION('center_axis',(0.,0.,1.));
#4025=DIRECTION('ref_axis',(0.596955772353231,-0.802274146320419,0.));
#4026=DIRECTION('',(0.,0.,-1.));
#4027=DIRECTION('center_axis',(0.,0.,1.));
#4028=DIRECTION('ref_axis',(1.,0.,0.));
#4029=DIRECTION('',(0.,0.,1.));
#4030=DIRECTION('center_axis',(0.,0.,-1.));
#4031=DIRECTION('ref_axis',(1.,0.,0.));
#4032=DIRECTION('center_axis',(0.,0.,1.));
#4033=DIRECTION('ref_axis',(0.984807753012206,0.173648177666944,0.));
#4034=DIRECTION('',(-1.64003436333529E-15,-2.89182307545064E-16,1.));
#4035=DIRECTION('center_axis',(6.1071841935846E-16,-1.86517637263369E-15,
1.));
#4036=DIRECTION('ref_axis',(0.984807753012206,0.173648177666941,-5.55111512312592E-16));
#4037=DIRECTION('center_axis',(0.,0.,-1.));
#4038=DIRECTION('ref_axis',(-0.64278760968655,-0.766044443118969,0.));
#4039=DIRECTION('',(-1.07045640632668E-15,-1.27572026795527E-15,1.));
#4040=DIRECTION('center_axis',(0.,0.,-1.));
#4041=DIRECTION('ref_axis',(-0.64278760968655,-0.766044443118969,0.));
#4042=DIRECTION('center_axis',(0.,0.,-1.));
#4043=DIRECTION('ref_axis',(0.64278760968655,0.766044443118969,0.));
#4044=DIRECTION('',(1.07045640632668E-15,1.27572026795527E-15,1.));
#4045=DIRECTION('center_axis',(0.,0.,-1.));
#4046=DIRECTION('ref_axis',(0.642787609686549,0.76604444311897,0.));
#4047=DIRECTION('center_axis',(0.,0.,1.));
#4048=DIRECTION('ref_axis',(-0.866025403784438,-0.5,0.));
#4049=DIRECTION('',(-1.64003436333529E-15,-2.89182307545063E-16,-1.));
#4050=DIRECTION('center_axis',(-1.38509150468271E-15,-6.45878775878982E-16,
-1.));
#4051=DIRECTION('ref_axis',(-0.866025403784439,-0.5,1.52655665885959E-15));
#4052=DIRECTION('center_axis',(0.,0.,-1.));
#4053=DIRECTION('ref_axis',(-0.984807755599765,-0.173648162992165,0.));
#4054=DIRECTION('',(1.64003435902614E-15,2.8918233198348E-16,-1.));
#4055=DIRECTION('center_axis',(0.,0.,-1.));
#4056=DIRECTION('ref_axis',(-0.984807753012207,-0.173648177666935,0.));
#4057=DIRECTION('center_axis',(0.,0.,1.));
#4058=DIRECTION('ref_axis',(-0.984807753012206,-0.173648177666943,0.));
#4059=DIRECTION('',(1.07045638731697E-15,1.27572028390631E-15,-1.));
#4060=DIRECTION('center_axis',(0.,0.,1.));
#4061=DIRECTION('ref_axis',(-0.984807753270961,-0.173648176199467,0.));
#4062=DIRECTION('center_axis',(0.,0.,1.));
#4063=DIRECTION('ref_axis',(-0.64278760968655,-0.766044443118969,0.));
#4064=DIRECTION('',(0.,0.,-1.));
#4065=DIRECTION('center_axis',(0.,0.,1.));
#4066=DIRECTION('ref_axis',(-0.642787615394019,-0.766044438329834,0.));
#4067=DIRECTION('center_axis',(0.,0.,-1.));
#4068=DIRECTION('ref_axis',(-0.361793538917795,0.932258244907138,0.));
#4069=DIRECTION('',(0.,0.,1.));
#4070=DIRECTION('center_axis',(0.,0.,1.));
#4071=DIRECTION('ref_axis',(-0.361793538917795,0.932258244907138,0.));
#4072=DIRECTION('center_axis',(0.,0.,1.));
#4073=DIRECTION('ref_axis',(1.,0.,0.));
#4074=DIRECTION('',(0.,0.,1.));
#4075=DIRECTION('center_axis',(0.,0.,1.));
#4076=DIRECTION('ref_axis',(1.,0.,0.));
#4077=DIRECTION('center_axis',(0.,0.,-1.));
#4078=DIRECTION('ref_axis',(-0.993267677689572,-0.115841790633449,0.));
#4079=DIRECTION('',(0.,0.,1.));
#4080=DIRECTION('center_axis',(0.,0.,1.));
#4081=DIRECTION('ref_axis',(-0.993267677689572,-0.115841790633449,0.));
#4082=DIRECTION('',(0.,0.,-1.));
#4083=DIRECTION('center_axis',(0.,0.,1.));
#4084=DIRECTION('ref_axis',(1.,0.,0.));
#4085=DIRECTION('',(0.,0.,1.));
#4086=DIRECTION('center_axis',(0.,0.,-1.));
#4087=DIRECTION('ref_axis',(1.,0.,0.));
#4088=DIRECTION('center_axis',(0.,0.,1.));
#4089=DIRECTION('ref_axis',(-0.342020143325656,-0.939692620785913,0.));
#4090=DIRECTION('',(5.69577957008617E-16,1.56490257550033E-15,1.));
#4091=DIRECTION('center_axis',(-1.92064933091852E-15,4.0369052059334E-16,
1.));
#4092=DIRECTION('ref_axis',(-0.342020143325659,-0.939692620785912,-5.55111512312592E-16));
#4093=DIRECTION('center_axis',(0.,0.,-1.));
#4094=DIRECTION('ref_axis',(-0.342020143325656,0.939692620785913,0.));
#4095=DIRECTION('',(-5.69577957008615E-16,1.56490257550033E-15,1.));
#4096=DIRECTION('center_axis',(0.,0.,-1.));
#4097=DIRECTION('ref_axis',(-0.342020143325656,0.939692620785913,0.));
#4098=DIRECTION('center_axis',(0.,0.,-1.));
#4099=DIRECTION('ref_axis',(0.342020143325656,-0.939692620785913,0.));
#4100=DIRECTION('',(5.69577957008614E-16,-1.56490257550033E-15,1.));
#4101=DIRECTION('center_axis',(0.,0.,-1.));
#4102=DIRECTION('ref_axis',(0.342020143325658,-0.939692620785912,0.));
#4103=DIRECTION('center_axis',(0.,0.,1.));
#4104=DIRECTION('ref_axis',(-4.44089209850063E-16,1.,0.));
#4105=DIRECTION('',(5.69577957008617E-16,1.56490257550033E-15,-1.));
#4106=DIRECTION('center_axis',(1.33198324664959E-16,1.52246381756073E-15,
-1.));
#4107=DIRECTION('ref_axis',(1.8503717077086E-16,1.,1.52655665885959E-15));
#4108=DIRECTION('center_axis',(0.,0.,-1.));
#4109=DIRECTION('ref_axis',(0.342020157328167,0.939692615689416,0.));
#4110=DIRECTION('',(-5.69577933689751E-16,-1.56490258398771E-15,-1.));
#4111=DIRECTION('center_axis',(0.,0.,-1.));
#4112=DIRECTION('ref_axis',(0.342020143325664,0.93969262078591,0.));
#4113=DIRECTION('center_axis',(0.,0.,1.));
#4114=DIRECTION('ref_axis',(0.342020143325656,0.939692620785913,0.));
#4115=DIRECTION('',(5.6957798032748E-16,-1.56490256701296E-15,-1.));
#4116=DIRECTION('center_axis',(0.,0.,1.));
#4117=DIRECTION('ref_axis',(0.342020144725906,0.939692620276264,0.));
#4118=DIRECTION('center_axis',(0.,0.,1.));
#4119=DIRECTION('ref_axis',(-0.342020143325656,0.939692620785913,0.));
#4120=DIRECTION('',(0.,0.,-1.));
#4121=DIRECTION('center_axis',(0.,0.,1.));
#4122=DIRECTION('ref_axis',(-0.342020136324409,0.939692623334159,0.));
#4123=DIRECTION('center_axis',(0.,0.,-1.));
#4124=DIRECTION('ref_axis',(0.988256092435974,-0.152806726825684,0.));
#4125=DIRECTION('',(0.,0.,1.));
#4126=DIRECTION('center_axis',(0.,0.,1.));
#4127=DIRECTION('ref_axis',(0.988256092435974,-0.152806726825684,0.));
#4128=DIRECTION('center_axis',(0.,0.,1.));
#4129=DIRECTION('ref_axis',(-0.999900829646696,-0.0140829993910927,0.));
#4130=DIRECTION('',(0.,0.,1.));
#4131=DIRECTION('center_axis',(0.,0.,1.));
#4132=DIRECTION('ref_axis',(1.,0.,0.));
#4133=DIRECTION('center_axis',(0.,0.,-1.));
#4134=DIRECTION('ref_axis',(0.396311905336348,0.918115936953865,0.));
#4135=DIRECTION('',(0.,0.,1.));
#4136=DIRECTION('center_axis',(0.,0.,1.));
#4137=DIRECTION('ref_axis',(0.396311905336348,0.918115936953865,0.));
#4138=DIRECTION('',(0.,0.,-1.));
#4139=DIRECTION('center_axis',(0.,0.,1.));
#4140=DIRECTION('ref_axis',(1.,0.,0.));
#4141=DIRECTION('',(0.,0.,1.));
#4142=DIRECTION('center_axis',(0.,0.,-1.));
#4143=DIRECTION('ref_axis',(1.,0.,0.));
#4144=DIRECTION('center_axis',(0.,0.,1.));
#4145=DIRECTION('ref_axis',(-0.642787609686549,0.76604444311897,0.));
#4146=DIRECTION('',(1.07045640632668E-15,-1.27572026795527E-15,1.));
#4147=DIRECTION('center_axis',(1.30993091156006E-15,1.46148585204035E-15,
1.));
#4148=DIRECTION('ref_axis',(-0.642787609686547,0.766044443118971,-5.55111512312592E-16));
#4149=DIRECTION('center_axis',(0.,0.,-1.));
#4150=DIRECTION('ref_axis',(0.984807753012206,-0.173648177666944,0.));
#4151=DIRECTION('',(1.64003436333529E-15,-2.89182307545067E-16,1.));
#4152=DIRECTION('center_axis',(0.,0.,-1.));
#4153=DIRECTION('ref_axis',(0.984807753012206,-0.173648177666944,0.));
#4154=DIRECTION('center_axis',(0.,0.,-1.));
#4155=DIRECTION('ref_axis',(-0.984807753012205,0.173648177666945,0.));
#4156=DIRECTION('',(-1.64003436333529E-15,2.89182307545067E-16,1.));
#4157=DIRECTION('center_axis',(0.,0.,-1.));
#4158=DIRECTION('ref_axis',(-0.984807753012206,0.173648177666943,0.));
#4159=DIRECTION('center_axis',(0.,0.,1.));
#4160=DIRECTION('ref_axis',(0.866025403784439,-0.5,0.));
#4161=DIRECTION('',(1.07045640632668E-15,-1.27572026795527E-15,-1.));
#4162=DIRECTION('center_axis',(1.25189318001775E-15,-8.76585041681747E-16,
-1.));
#4163=DIRECTION('ref_axis',(0.866025403784438,-0.500000000000001,1.52655665885959E-15));
#4164=DIRECTION('center_axis',(0.,0.,-1.));
#4165=DIRECTION('ref_axis',(0.642787598271598,-0.766044452697251,0.));
#4166=DIRECTION('',(-1.07045642533639E-15,1.27572025200423E-15,-1.));
#4167=DIRECTION('center_axis',(0.,0.,-1.));
#4168=DIRECTION('ref_axis',(0.642787609686542,-0.766044443118975,0.));
#4169=DIRECTION('center_axis',(0.,0.,1.));
#4170=DIRECTION('ref_axis',(0.642787609686549,-0.76604444311897,0.));
#4171=DIRECTION('',(-1.64003436764444E-15,2.89182283106651E-16,-1.));
#4172=DIRECTION('center_axis',(0.,0.,1.));
#4173=DIRECTION('ref_axis',(0.642787608545055,-0.766044444076797,0.));
#4174=DIRECTION('center_axis',(0.,0.,1.));
#4175=DIRECTION('ref_axis',(0.984807753012206,-0.173648177666945,0.));
#4176=DIRECTION('',(0.,0.,-1.));
#4177=DIRECTION('center_axis',(0.,0.,1.));
#4178=DIRECTION('ref_axis',(0.984807751718427,-0.173648185004325,0.));
#4179=DIRECTION('center_axis',(0.,0.,-1.));
#4180=DIRECTION('ref_axis',(-0.626462553518179,-0.779451518081454,0.));
#4181=DIRECTION('',(0.,0.,1.));
#4182=DIRECTION('center_axis',(0.,0.,1.));
#4183=DIRECTION('ref_axis',(-0.626462553518179,-0.779451518081454,0.));
#4184=DIRECTION('center_axis',(0.,0.,1.));
#4185=DIRECTION('ref_axis',(1.,0.,0.));
#4186=DIRECTION('',(0.,0.,1.));
#4187=DIRECTION('center_axis',(0.,0.,1.));
#4188=DIRECTION('ref_axis',(1.,0.,0.));
#4189=DIRECTION('center_axis',(0.,0.,1.));
#4190=DIRECTION('ref_axis',(1.,0.,0.));
#4191=DIRECTION('center_axis',(0.,0.,1.));
#4192=DIRECTION('ref_axis',(1.,0.,0.));
#4193=DIRECTION('center_axis',(0.,0.,1.));
#4194=DIRECTION('ref_axis',(-0.342020115320651,0.939692630978901,0.));
#4195=DIRECTION('center_axis',(0.,0.,1.));
#4196=DIRECTION('ref_axis',(0.342020146437323,0.939692619653359,0.));
#4197=DIRECTION('center_axis',(0.,0.,-1.));
#4198=DIRECTION('ref_axis',(0.342020143325661,0.939692620785911,0.));
#4199=DIRECTION('center_axis',(1.2295229969073E-16,1.40535121620989E-15,
-1.));
#4200=DIRECTION('ref_axis',(-7.04564611781356E-16,1.,1.40912922356271E-15));
#4201=DIRECTION('center_axis',(0.,0.,-1.));
#4202=DIRECTION('ref_axis',(0.34202014332566,-0.939692620785912,0.));
#4203=DIRECTION('center_axis',(0.,0.,-1.));
#4204=DIRECTION('ref_axis',(-0.342020143325657,0.939692620785913,0.));
#4205=DIRECTION('center_axis',(-9.60324665459241E-16,2.01845260296665E-16,
1.));
#4206=DIRECTION('ref_axis',(-0.342020143325658,-0.939692620785912,-2.77555756156291E-16));
#4207=DIRECTION('center_axis',(0.,0.,1.));
#4208=DIRECTION('ref_axis',(-0.299155050131766,0.954204514755962,0.));
#4209=DIRECTION('center_axis',(0.,0.,-1.));
#4210=DIRECTION('ref_axis',(1.,0.,0.));
#4211=DIRECTION('center_axis',(0.,0.,1.));
#4212=DIRECTION('ref_axis',(0.993267677689569,-0.115841790633474,0.));
#4213=DIRECTION('center_axis',(0.,0.,-1.));
#4214=DIRECTION('ref_axis',(1.,0.,0.));
#4215=DIRECTION('center_axis',(0.,0.,1.));
#4216=DIRECTION('ref_axis',(-0.642787632516439,-0.766044423962417,0.));
#4217=DIRECTION('center_axis',(0.,0.,1.));
#4218=DIRECTION('ref_axis',(-0.984807753587219,-0.173648174405884,0.));
#4219=DIRECTION('center_axis',(0.,0.,-1.));
#4220=DIRECTION('ref_axis',(-0.984807753012207,-0.173648177666939,0.));
#4221=DIRECTION('center_axis',(-1.27854600432249E-15,-5.96195793119056E-16,
-1.));
#4222=DIRECTION('ref_axis',(-0.866025403784438,-0.5,1.40912922356271E-15));
#4223=DIRECTION('center_axis',(0.,0.,-1.));
#4224=DIRECTION('ref_axis',(0.642787609686546,0.766044443118972,0.));
#4225=DIRECTION('center_axis',(0.,0.,-1.));
#4226=DIRECTION('ref_axis',(-0.642787609686549,-0.76604444311897,0.));
#4227=DIRECTION('center_axis',(3.05359209679225E-16,-9.32588186316828E-16,
1.));
#4228=DIRECTION('ref_axis',(0.984807753012206,0.173648177666942,-2.77555756156291E-16));
#4229=DIRECTION('center_axis',(0.,0.,1.));
#4230=DIRECTION('ref_axis',(-0.676787825118582,-0.736178130462498,0.));
#4231=DIRECTION('center_axis',(0.,0.,-1.));
#4232=DIRECTION('ref_axis',(1.,0.,0.));
#4233=DIRECTION('center_axis',(0.,0.,1.));
#4234=DIRECTION('ref_axis',(-0.396311905336316,0.918115936953879,0.));
#4235=DIRECTION('center_axis',(0.,0.,-1.));
#4236=DIRECTION('ref_axis',(-0.5,0.866025403784439,0.));
#4237=DIRECTION('center_axis',(0.,0.,1.));
#4238=DIRECTION('ref_axis',(-0.596955772353255,-0.802274146320402,0.));
#4239=DIRECTION('center_axis',(0.,0.,-1.));
#4240=DIRECTION('ref_axis',(-0.5,-0.866025403784438,0.));
#4241=DIRECTION('center_axis',(0.,0.,1.));
#4242=DIRECTION('ref_axis',(0.984807747837089,-0.173648207016484,0.));
#4243=DIRECTION('center_axis',(0.,0.,1.));
#4244=DIRECTION('ref_axis',(0.642787607149895,-0.766044445247475,0.));
#4245=DIRECTION('center_axis',(0.,0.,-1.));
#4246=DIRECTION('ref_axis',(0.642787609686545,-0.766044443118973,0.));
#4247=DIRECTION('center_axis',(1.15559370463176E-15,-8.09155423090835E-16,
-1.));
#4248=DIRECTION('ref_axis',(0.866025403784439,-0.5,1.40912922356271E-15));
#4249=DIRECTION('center_axis',(0.,0.,-1.));
#4250=DIRECTION('ref_axis',(-0.984807753012206,0.17364817766694,0.));
#4251=DIRECTION('center_axis',(0.,0.,-1.));
#4252=DIRECTION('ref_axis',(0.984807753012206,-0.173648177666944,0.));
#4253=DIRECTION('center_axis',(6.54965455780016E-16,7.30742926020162E-16,
1.));
#4254=DIRECTION('ref_axis',(-0.642787609686548,0.766044443118971,-2.77555756156291E-16));
#4255=DIRECTION('center_axis',(0.,0.,1.));
#4256=DIRECTION('ref_axis',(0.975942875250349,-0.218026384293466,0.));
#4257=DIRECTION('center_axis',(0.,0.,-1.));
#4258=DIRECTION('ref_axis',(1.,0.,0.));
#4259=DIRECTION('center_axis',(0.,0.,-1.));
#4260=DIRECTION('ref_axis',(-1.,0.,0.));
#4261=DIRECTION('center_axis',(0.,0.,-1.));
#4262=DIRECTION('ref_axis',(-1.,0.,0.));
#4263=DIRECTION('center_axis',(0.,0.,-1.));
#4264=DIRECTION('ref_axis',(-1.,0.,0.));
#4265=DIRECTION('center_axis',(0.,0.,-1.));
#4266=DIRECTION('ref_axis',(-1.,0.,0.));
#4267=DIRECTION('center_axis',(0.,0.,-1.));
#4268=DIRECTION('ref_axis',(-1.,0.,0.));
#4269=DIRECTION('center_axis',(0.,0.,-1.));
#4270=DIRECTION('ref_axis',(-1.,0.,0.));
#4271=DIRECTION('center_axis',(0.,0.,1.));
#4272=DIRECTION('ref_axis',(1.59131966862939E-14,1.,0.));
#4273=DIRECTION('',(0.,0.,1.));
#4274=DIRECTION('center_axis',(0.,0.,-1.));
#4275=DIRECTION('ref_axis',(-0.676787825118582,-0.736178130462498,0.));
#4276=DIRECTION('',(0.,0.,1.));
#4277=DIRECTION('',(0.,0.,-1.));
#4278=DIRECTION('center_axis',(0.,0.,1.));
#4279=DIRECTION('ref_axis',(0.984807753012206,0.173648177666943,0.));
#4280=DIRECTION('',(3.82674684778235E-15,6.74758717605148E-16,-1.));
#4281=DIRECTION('center_axis',(0.,0.,-1.));
#4282=DIRECTION('ref_axis',(0.975942875250349,-0.218026384293466,0.));
#4283=DIRECTION('',(0.,0.,1.));
#4284=DIRECTION('',(0.,0.,-1.));
#4285=DIRECTION('center_axis',(0.,0.,1.));
#4286=DIRECTION('ref_axis',(-0.642787609686549,0.76604444311897,0.));
#4287=DIRECTION('',(-2.49773161476224E-15,2.97668062522896E-15,-1.));
#4288=DIRECTION('center_axis',(0.,0.,1.));
#4289=DIRECTION('ref_axis',(-0.596955772353255,-0.802274146320402,0.));
#4290=DIRECTION('',(0.,0.,-1.));
#4291=DIRECTION('center_axis',(0.,0.,1.));
#4292=DIRECTION('ref_axis',(-0.866025403784446,-0.499999999999986,0.));
#4293=DIRECTION('',(0.,0.,1.));
#4294=DIRECTION('center_axis',(0.,0.,1.));
#4295=DIRECTION('ref_axis',(0.993267677689569,-0.115841790633474,0.));
#4296=DIRECTION('',(0.,0.,-1.));
#4297=DIRECTION('center_axis',(0.,0.,1.));
#4298=DIRECTION('ref_axis',(-0.396311905336316,0.918115936953879,0.));
#4299=DIRECTION('',(0.,0.,1.));
#4300=DIRECTION('',(0.,0.,-1.));
#4301=DIRECTION('center_axis',(0.,0.,1.));
#4302=DIRECTION('ref_axis',(0.866025403784431,-0.500000000000014,0.));
#4303=DIRECTION('center_axis',(0.,0.,-1.));
#4304=DIRECTION('ref_axis',(-0.299155050131766,0.954204514755962,0.));
#4305=DIRECTION('',(0.,0.,1.));
#4306=DIRECTION('',(0.,0.,-1.));
#4307=DIRECTION('center_axis',(0.,0.,1.));
#4308=DIRECTION('ref_axis',(-0.342020143325656,-0.939692620785913,0.));
#4309=DIRECTION('',(-1.32901523302011E-15,-3.65143934283411E-15,-1.));
#4310=DIRECTION('center_axis',(0.,0.,1.));
#4311=DIRECTION('ref_axis',(-1.,0.,0.));
#4312=DIRECTION('',(0.,0.,1.));
#4313=DIRECTION('center_axis',(0.,0.,1.));
#4314=DIRECTION('ref_axis',(-1.,0.,0.));
#4315=DIRECTION('',(0.,0.,1.));
#4316=DIRECTION('center_axis',(0.,0.,1.));
#4317=DIRECTION('ref_axis',(-1.,0.,0.));
#4318=DIRECTION('',(0.,0.,1.));
#4319=DIRECTION('center_axis',(0.,0.,1.));
#4320=DIRECTION('ref_axis',(-1.,0.,0.));
#4321=DIRECTION('',(0.,0.,1.));
#4322=DIRECTION('center_axis',(0.,0.,1.));
#4323=DIRECTION('ref_axis',(-1.,0.,0.));
#4324=DIRECTION('',(0.,0.,1.));
#4325=DIRECTION('center_axis',(0.,0.,1.));
#4326=DIRECTION('ref_axis',(-1.,0.,0.));
#4327=DIRECTION('',(0.,0.,1.));
#4328=DIRECTION('center_axis',(0.,0.,1.));
#4329=DIRECTION('ref_axis',(1.,0.,0.));
#4330=DIRECTION('center_axis',(0.,0.,1.));
#4331=DIRECTION('ref_axis',(0.984807753012206,-0.173648177666945,0.));
#4332=DIRECTION('',(3.82674685783704E-15,-6.74758660582185E-16,1.));
#4333=DIRECTION('center_axis',(0.,0.,1.));
#4334=DIRECTION('ref_axis',(0.642787609686549,-0.76604444311897,0.));
#4335=DIRECTION('',(2.49773165911824E-15,-2.97668058800986E-15,1.));
#4336=DIRECTION('center_axis',(0.,0.,-1.));
#4337=DIRECTION('ref_axis',(0.642787598271598,-0.766044452697251,0.));
#4338=DIRECTION('',(-2.49773161476224E-15,2.97668062522896E-15,1.));
#4339=DIRECTION('center_axis',(0.,0.,-1.));
#4340=DIRECTION('ref_axis',(0.984807753012206,-0.173648177666944,0.));
#4341=DIRECTION('',(-3.82674684778235E-15,6.74758717605156E-16,-1.));
#4342=DIRECTION('center_axis',(0.,0.,-1.));
#4343=DIRECTION('ref_axis',(-0.984807753012205,0.173648177666945,0.));
#4344=DIRECTION('',(3.82674684778235E-15,-6.74758717605156E-16,-1.));
#4345=DIRECTION('center_axis',(0.,0.,1.));
#4346=DIRECTION('ref_axis',(0.866025403784439,-0.5,0.));
#4347=DIRECTION('center_axis',(0.,0.,1.));
#4348=DIRECTION('ref_axis',(1.,0.,0.));
#4349=DIRECTION('center_axis',(0.,0.,1.));
#4350=DIRECTION('ref_axis',(-0.64278760968655,-0.766044443118969,0.));
#4351=DIRECTION('',(-2.49773157040625E-15,-2.97668066244806E-15,1.));
#4352=DIRECTION('center_axis',(0.,0.,1.));
#4353=DIRECTION('ref_axis',(-0.984807753012206,-0.173648177666943,0.));
#4354=DIRECTION('',(-3.82674683772766E-15,-6.74758774628119E-16,1.));
#4355=DIRECTION('center_axis',(0.,0.,-1.));
#4356=DIRECTION('ref_axis',(-0.984807755599765,-0.173648162992165,0.));
#4357=DIRECTION('',(3.82674684778235E-15,6.74758717605148E-16,1.));
#4358=DIRECTION('center_axis',(0.,0.,-1.));
#4359=DIRECTION('ref_axis',(-0.64278760968655,-0.766044443118969,0.));
#4360=DIRECTION('',(2.49773161476225E-15,2.97668062522896E-15,-1.));
#4361=DIRECTION('center_axis',(0.,0.,-1.));
#4362=DIRECTION('ref_axis',(0.64278760968655,0.766044443118969,0.));
#4363=DIRECTION('',(-2.49773161476225E-15,-2.97668062522896E-15,-1.));
#4364=DIRECTION('center_axis',(0.,0.,1.));
#4365=DIRECTION('ref_axis',(-0.866025403784439,-0.5,0.));
#4366=DIRECTION('center_axis',(0.,0.,1.));
#4367=DIRECTION('ref_axis',(1.,0.,0.));
#4368=DIRECTION('center_axis',(0.,0.,1.));
#4369=DIRECTION('ref_axis',(-0.342020143325656,0.939692620785913,0.));
#4370=DIRECTION('',(-1.32901528743079E-15,3.65143932303024E-15,1.));
#4371=DIRECTION('center_axis',(0.,0.,1.));
#4372=DIRECTION('ref_axis',(0.342020143325656,0.939692620785913,0.));
#4373=DIRECTION('',(1.32901517860942E-15,3.65143936263798E-15,1.));
#4374=DIRECTION('center_axis',(0.,0.,-1.));
#4375=DIRECTION('ref_axis',(0.342020157328167,0.939692615689416,0.));
#4376=DIRECTION('',(-1.32901523302011E-15,-3.65143934283411E-15,1.));
#4377=DIRECTION('center_axis',(0.,0.,-1.));
#4378=DIRECTION('ref_axis',(-0.342020143325656,0.939692620785913,0.));
#4379=DIRECTION('',(1.3290152330201E-15,-3.65143934283411E-15,-1.));
#4380=DIRECTION('center_axis',(0.,0.,-1.));
#4381=DIRECTION('ref_axis',(0.342020143325656,-0.939692620785913,0.));
#4382=DIRECTION('',(-1.3290152330201E-15,3.65143934283411E-15,-1.));
#4383=DIRECTION('center_axis',(0.,0.,1.));
#4384=DIRECTION('ref_axis',(-4.44089209850063E-16,1.,0.));
#4385=DIRECTION('center_axis',(0.,0.,1.));
#4386=DIRECTION('ref_axis',(1.,0.,0.));
#4387=DIRECTION('',(0.,0.,-1.));
#4388=CARTESIAN_POINT('',(0.,0.,0.));
#4389=CARTESIAN_POINT('Origin',(-3.44682714037154,-24.1422314055492,4.00000000000002));
#4390=CARTESIAN_POINT('',(-1.04682714037154,-24.1422314055492,4.20000000000003));
#4391=CARTESIAN_POINT('Origin',(-3.44682714037154,-24.1422314055492,4.20000000000003));
#4392=CARTESIAN_POINT('',(-1.04682714037154,-24.1422314055492,4.00000000000002));
#4393=CARTESIAN_POINT('',(-1.04682714037154,-24.1422314055492,4.00000000000002));
#4394=CARTESIAN_POINT('Origin',(-3.44682714037154,-24.1422314055492,4.00000000000002));
#4395=CARTESIAN_POINT('Origin',(2.05789722606745,-28.8828405939744,4.00000000000002));
#4396=CARTESIAN_POINT('',(1.99385829184575,-18.1830657531456,4.00000000000002));
#4397=CARTESIAN_POINT('',(2.05789722606745,-28.8828405939744,4.00000000000002));
#4398=CARTESIAN_POINT('',(1.99385829184575,-18.1830657531456,4.00000000000002));
#4399=CARTESIAN_POINT('',(1.99385829184575,-18.1830657531456,4.20000000000003));
#4400=CARTESIAN_POINT('',(1.99385829184575,-18.1830657531456,4.00000000000002));
#4401=CARTESIAN_POINT('',(2.05789722606745,-28.8828405939744,4.20000000000003));
#4402=CARTESIAN_POINT('',(1.99385829184575,-18.1830657531456,4.20000000000003));
#4403=CARTESIAN_POINT('',(2.05789722606745,-28.8828405939744,4.00000000000002));
#4404=CARTESIAN_POINT('Origin',(2.0099462166468,-28.8831255749286,4.00000000000002));
#4405=CARTESIAN_POINT('',(2.0099462166468,-28.8831255749286,4.00000000000002));
#4406=CARTESIAN_POINT('',(2.85788309864078,-28.8780861427118,4.00000000000002));
#4407=CARTESIAN_POINT('',(2.0099462166468,-28.8831255749286,4.20000000000003));
#4408=CARTESIAN_POINT('',(2.85788309864078,-28.8780861427118,4.20000000000003));
#4409=CARTESIAN_POINT('',(2.0099462166468,-28.8831255749286,4.00000000000002));
#4410=CARTESIAN_POINT('Origin',(-8.64195544987532,-28.9389848963777,4.00000000000002));
#4411=CARTESIAN_POINT('',(-8.64195546479708,-28.9389820508531,4.00000000000002));
#4412=CARTESIAN_POINT('',(2.05789742669569,-28.8828741154108,4.00000000000002));
#4413=CARTESIAN_POINT('',(-8.64195546479708,-28.9389820508531,4.20000000000003));
#4414=CARTESIAN_POINT('',(2.05789742669569,-28.8828741154108,4.20000000000003));
#4415=CARTESIAN_POINT('',(-8.64195546479708,-28.9389820508531,4.00000000000002));
#4416=CARTESIAN_POINT('Origin',(-8.70587967465361,-18.1830689126583,4.00000000000002));
#4417=CARTESIAN_POINT('',(-8.70587967465361,-18.1830689126583,4.00000000000002));
#4418=CARTESIAN_POINT('',(-8.64195546479708,-28.9389820508531,4.00000000000002));
#4419=CARTESIAN_POINT('',(-8.70587967465361,-18.1830689126583,4.20000000000003));
#4420=CARTESIAN_POINT('',(-8.64195546479708,-28.9389820508531,4.20000000000003));
#4421=CARTESIAN_POINT('',(-8.70587967465361,-18.1830689126583,4.00000000000002));
#4422=CARTESIAN_POINT('Origin',(1.99385829184575,-18.1830657531456,4.00000000000002));
#4423=CARTESIAN_POINT('',(-8.70587967465361,-18.1830689126583,4.00000000000002));
#4424=CARTESIAN_POINT('',(-8.70587967465361,-18.1830689126583,4.20000000000003));
#4425=CARTESIAN_POINT('Origin',(-3.32399122429308,-23.5610303247812,4.20000000000003));
#4426=CARTESIAN_POINT('Origin',(-3.32399122429308,-23.5610303247812,4.00000000000002));
#4427=CARTESIAN_POINT('Origin',(-24.8809558840358,12.9827685944511,4.00000000000002));
#4428=CARTESIAN_POINT('',(-22.4809558840358,12.9827685944511,4.20000000000003));
#4429=CARTESIAN_POINT('Origin',(-24.8809558840358,12.9827685944511,4.20000000000003));
#4430=CARTESIAN_POINT('',(-22.4809558840358,12.9827685944511,4.00000000000002));
#4431=CARTESIAN_POINT('',(-22.4809558840358,12.9827685944511,4.00000000000002));
#4432=CARTESIAN_POINT('Origin',(-24.8809558840358,12.9827685944511,4.00000000000002));
#4433=CARTESIAN_POINT('Origin',(-22.4405097598033,5.29141396994925,4.00000000000002));
#4434=CARTESIAN_POINT('',(-17.0906435127718,14.5576604425309,4.00000000000002));
#4435=CARTESIAN_POINT('',(-22.4405097598033,5.29141396994925,4.00000000000002));
#4436=CARTESIAN_POINT('',(-17.0906435127718,14.5576604425309,4.00000000000002));
#4437=CARTESIAN_POINT('',(-17.0906435127718,14.5576604425309,4.20000000000003));
#4438=CARTESIAN_POINT('',(-17.0906435127718,14.5576604425309,4.00000000000002));
#4439=CARTESIAN_POINT('',(-22.4405097598033,5.29141396994925,4.20000000000003));
#4440=CARTESIAN_POINT('',(-17.0906435127718,14.5576604425309,4.20000000000003));
#4441=CARTESIAN_POINT('',(-22.4405097598033,5.29141396994925,4.00000000000002));
#4442=CARTESIAN_POINT('Origin',(-31.7388351845751,10.5858586334654,4.00000000000002));
#4443=CARTESIAN_POINT('',(-31.7388351845751,10.5858586334654,4.00000000000002));
#4444=CARTESIAN_POINT('',(-22.4405097598033,5.29141396994925,4.00000000000002));
#4445=CARTESIAN_POINT('',(-31.7388351845751,10.5858586334654,4.20000000000003));
#4446=CARTESIAN_POINT('',(-22.4405097598033,5.29141396994925,4.20000000000003));
#4447=CARTESIAN_POINT('',(-31.7388351845751,10.5858586334654,4.00000000000002));
#4448=CARTESIAN_POINT('Origin',(-26.4375021080331,19.8802584318154,4.00000000000002));
#4449=CARTESIAN_POINT('',(-26.4374996362756,19.8802570219757,4.00000000000002));
#4450=CARTESIAN_POINT('',(-31.7388351845751,10.5858586334654,4.00000000000002));
#4451=CARTESIAN_POINT('',(-26.4374996362756,19.8802570219757,4.20000000000003));
#4452=CARTESIAN_POINT('',(-31.7388351845751,10.5858586334654,4.20000000000003));
#4453=CARTESIAN_POINT('',(-26.4374996362756,19.8802570219757,4.00000000000002));
#4454=CARTESIAN_POINT('Origin',(-17.0906435127718,14.5576604425309,4.00000000000002));
#4455=CARTESIAN_POINT('',(-26.4374996362756,19.8802570219757,4.00000000000002));
#4456=CARTESIAN_POINT('',(-26.4374996362756,19.8802570219757,4.20000000000003));
#4457=CARTESIAN_POINT('Origin',(-24.4147393486735,12.5858419187444,4.20000000000003));
#4458=CARTESIAN_POINT('Origin',(-24.4147393486735,12.5858419187444,4.00000000000002));
#4459=CARTESIAN_POINT('Origin',(17.9873016032939,12.9827685944505,4.00000000000002));
#4460=CARTESIAN_POINT('',(20.3873016032939,12.9827685944505,4.20000000000003));
#4461=CARTESIAN_POINT('Origin',(17.9873016032939,12.9827685944505,4.20000000000003));
#4462=CARTESIAN_POINT('',(20.3873016032939,12.9827685944505,4.00000000000002));
#4463=CARTESIAN_POINT('',(20.3873016032939,12.9827685944505,4.00000000000002));
#4464=CARTESIAN_POINT('Origin',(17.9873016032939,12.9827685944505,4.00000000000002));
#4465=CARTESIAN_POINT('Origin',(10.1061700468441,14.7149575665488,4.00000000000002));
#4466=CARTESIAN_POINT('',(15.456041766312,5.4487142534798,4.00000000000002));
#4467=CARTESIAN_POINT('',(10.1061700468441,14.7149575665488,4.00000000000002));
#4468=CARTESIAN_POINT('',(15.456041766312,5.4487142534798,4.00000000000002));
#4469=CARTESIAN_POINT('',(15.456041766312,5.4487142534798,4.20000000000003));
#4470=CARTESIAN_POINT('',(15.456041766312,5.4487142534798,4.00000000000002));
#4471=CARTESIAN_POINT('',(10.1061700468441,14.7149575665488,4.20000000000003));
#4472=CARTESIAN_POINT('',(15.456041766312,5.4487142534798,4.20000000000003));
#4473=CARTESIAN_POINT('',(10.1061700468441,14.7149575665488,4.00000000000002));
#4474=CARTESIAN_POINT('Origin',(19.340456336766,20.1203212652978,4.00000000000002));
#4475=CARTESIAN_POINT('',(19.340456336766,20.1203212652978,4.00000000000002));
#4476=CARTESIAN_POINT('',(10.1061700468441,14.7149575665488,4.00000000000002));
#4477=CARTESIAN_POINT('',(19.340456336766,20.1203212652978,4.20000000000003));
#4478=CARTESIAN_POINT('',(10.1061700468441,14.7149575665488,4.20000000000003));
#4479=CARTESIAN_POINT('',(19.340456336766,20.1203212652978,4.00000000000002));
#4480=CARTESIAN_POINT('Origin',(24.738976136795,10.8820322479147,4.00000000000002));
#4481=CARTESIAN_POINT('',(24.7389736799593,10.8820308122298,4.00000000000002));
#4482=CARTESIAN_POINT('',(19.340456336766,20.1203212652978,4.00000000000002));
#4483=CARTESIAN_POINT('',(24.7389736799593,10.8820308122298,4.20000000000003));
#4484=CARTESIAN_POINT('',(19.340456336766,20.1203212652978,4.20000000000003));
#4485=CARTESIAN_POINT('',(24.7389736799593,10.8820308122298,4.00000000000002));
#4486=CARTESIAN_POINT('Origin',(15.456041766312,5.4487142534798,4.00000000000002));
#4487=CARTESIAN_POINT('',(24.7389736799593,10.8820308122298,4.00000000000002));
#4488=CARTESIAN_POINT('',(24.7389736799593,10.8820308122298,4.20000000000003));
#4489=CARTESIAN_POINT('Origin',(17.4225782861836,12.7845177593888,4.20000000000003));
#4490=CARTESIAN_POINT('Origin',(17.4225782861836,12.7845177593888,4.00000000000002));
#4491=CARTESIAN_POINT('Origin',(3.58953138249562,-17.3782820754241,4.00000000000002));
#4492=CARTESIAN_POINT('',(2.78953138249562,-17.3782820754241,4.00000000000002));
#4493=CARTESIAN_POINT('',(3.58953138249562,-17.3782820754241,4.00000000000002));
#4494=CARTESIAN_POINT('',(2.78953138249562,-17.3782820754241,4.00000000000002));
#4495=CARTESIAN_POINT('',(2.78953138249562,-17.3782820754241,17.8));
#4496=CARTESIAN_POINT('',(2.78953138249562,-17.3782820754241,4.00000000000002));
#4497=CARTESIAN_POINT('',(3.58953138249562,-17.3782820754241,17.8));
#4498=CARTESIAN_POINT('',(2.78953138249562,-17.3782820754241,17.8));
#4499=CARTESIAN_POINT('',(3.58953138249562,-17.3782820754241,4.00000000000002));
#4500=CARTESIAN_POINT('Origin',(3.58953138249563,-28.5553872487991,4.00000000000002));
#4501=CARTESIAN_POINT('',(3.58953138249563,-28.5553872487991,4.00000000000002));
#4502=CARTESIAN_POINT('',(3.58953138249562,-17.3782820754241,4.00000000000002));
#4503=CARTESIAN_POINT('',(3.58953138249563,-28.5553872487991,17.8));
#4504=CARTESIAN_POINT('',(3.58953138249562,-17.3782820754241,17.8));
#4505=CARTESIAN_POINT('',(3.58953138249563,-28.5553872487991,4.00000000000002));
#4506=CARTESIAN_POINT('Origin',(-3.44682714037115,0.607768594450802,4.00000000000002));
#4507=CARTESIAN_POINT('',(2.85695818426217,-28.7224596791399,4.00000000000002));
#4508=CARTESIAN_POINT('Origin',(-3.44682714037115,0.607768594450802,4.00000000000002));
#4509=CARTESIAN_POINT('',(2.85695818426217,-28.7224596791399,17.8));
#4510=CARTESIAN_POINT('Origin',(-3.44682714037115,0.607768594450802,17.8));
#4511=CARTESIAN_POINT('',(2.85695818426217,-28.7224596791399,4.00000000000002));
#4512=CARTESIAN_POINT('Origin',(2.78953138249562,-17.3782820754241,4.00000000000002));
#4513=CARTESIAN_POINT('',(2.78953138249562,-17.3782820754241,4.00000000000002));
#4514=CARTESIAN_POINT('',(2.78953138249562,-17.3782820754241,17.8));
#4515=CARTESIAN_POINT('Origin',(3.18953138249563,-23.050370877282,17.8));
#4516=CARTESIAN_POINT('Origin',(3.18953138249563,-23.050370877282,4.00000000000002));
#4517=CARTESIAN_POINT('Origin',(-21.5661406696218,17.5277506156375,17.));
#4518=CARTESIAN_POINT('',(-25.9053450813618,20.4978407887441,17.));
#4519=CARTESIAN_POINT('',(-16.6948836716152,15.2526427203608,17.));
#4520=CARTESIAN_POINT('',(-23.6284548571326,19.2011912861025,17.));
#4521=CARTESIAN_POINT('',(-16.6947667572604,15.2528480302386,17.));
#4522=CARTESIAN_POINT('',(-26.0480963114514,20.5791309251223,17.));
#4523=CARTESIAN_POINT('',(-17.0906435127718,14.5576604425309,17.));
#4524=CARTESIAN_POINT('Origin',(-16.6947667572604,15.2528480302386,4.00000000000002));
#4525=CARTESIAN_POINT('',(-16.6947667572604,15.2528480302386,4.00000000000002));
#4526=CARTESIAN_POINT('',(-25.9053450813618,20.4978407887441,4.00000000000002));
#4527=CARTESIAN_POINT('',(-18.8275631072558,16.4673756111855,4.00000000000002));
#4528=CARTESIAN_POINT('',(-16.6947667572604,15.2528480302386,4.00000000000002));
#4529=CARTESIAN_POINT('',(-25.9053450813618,20.4978407887441,4.00000000000002));
#4530=CARTESIAN_POINT('Origin',(-17.0906435127718,14.5576604425309,4.00000000000002));
#4531=CARTESIAN_POINT('',(-16.6948836716152,15.2526427203608,4.00000000000002));
#4532=CARTESIAN_POINT('',(-16.6948836716152,15.2526427203608,4.00000000000002));
#4533=CARTESIAN_POINT('',(-16.8033208228668,15.0622194117249,4.00000000000002));
#4534=CARTESIAN_POINT('Origin',(-25.9053450813618,20.4978407887441,4.00000000000002));
#4535=CARTESIAN_POINT('',(-16.0537275409498,14.8875154212507,4.00000000000002));
#4536=CARTESIAN_POINT('',(-16.0537275409498,14.8875154212507,4.00000000000002));
#4537=CARTESIAN_POINT('',(-16.0537275409498,14.8875154212507,17.8));
#4538=CARTESIAN_POINT('',(-16.0537275409498,14.8875154212507,4.00000000000002));
#4539=CARTESIAN_POINT('',(-25.9053450813618,20.4978407887441,17.8));
#4540=CARTESIAN_POINT('',(-16.0537275409498,14.8875154212507,17.8));
#4541=CARTESIAN_POINT('',(-25.9053450813618,20.4978407887441,4.00000000000002));
#4542=CARTESIAN_POINT('Origin',(-3.44682714037115,0.607768594450802,4.00000000000002));
#4543=CARTESIAN_POINT('',(-25.3534079107909,21.104151664375,4.00000000000002));
#4544=CARTESIAN_POINT('Origin',(-3.44682714037115,0.607768594450802,4.00000000000002));
#4545=CARTESIAN_POINT('',(-25.3534079107909,21.104151664375,17.8));
#4546=CARTESIAN_POINT('Origin',(-3.44682714037115,0.607768594450802,17.8));
#4547=CARTESIAN_POINT('',(-25.3534079107909,21.104151664375,4.00000000000002));
#4548=CARTESIAN_POINT('Origin',(-15.6578365845435,15.5826919100906,4.00000000000002));
#4549=CARTESIAN_POINT('',(-15.6578365845435,15.5826919100906,4.00000000000002));
#4550=CARTESIAN_POINT('',(-15.6578365845435,15.5826919100906,4.00000000000002));
#4551=CARTESIAN_POINT('',(-15.6578365845435,15.5826919100906,17.8));
#4552=CARTESIAN_POINT('',(-15.6578365845435,15.5826919100906,17.8));
#4553=CARTESIAN_POINT('',(-15.6578365845435,15.5826919100906,4.00000000000002));
#4554=CARTESIAN_POINT('Origin',(-16.0537275409498,14.8875154212507,4.00000000000002));
#4555=CARTESIAN_POINT('',(-16.0537275409498,14.8875154212507,4.00000000000002));
#4556=CARTESIAN_POINT('',(-16.0537275409498,14.8875154212507,17.8));
#4557=CARTESIAN_POINT('Origin',(-20.7815908329527,17.9958335428129,17.8));
#4558=CARTESIAN_POINT('Origin',(-20.7815908329527,17.9958335428129,4.00000000000002));
#4559=CARTESIAN_POINT('Origin',(20.2318906999004,7.82016285183945,17.));
#4560=CARTESIAN_POINT('',(25.0077396334887,10.1123795655506,17.));
#4561=CARTESIAN_POINT('',(15.8600341535143,4.7584850383255,17.));
#4562=CARTESIAN_POINT('',(22.7294445570207,8.77895758689067,17.));
#4563=CARTESIAN_POINT('',(15.8601534999067,4.75828113258526,17.));
#4564=CARTESIAN_POINT('',(25.1495145717141,10.1953606890406,17.));
#4565=CARTESIAN_POINT('',(15.456041766312,5.4487142534798,17.));
#4566=CARTESIAN_POINT('Origin',(15.8601534999067,4.75828113258526,4.00000000000002));
#4567=CARTESIAN_POINT('',(15.8601534999067,4.75828113258526,4.00000000000002));
#4568=CARTESIAN_POINT('',(25.0077396334887,10.1123795655506,4.00000000000002));
#4569=CARTESIAN_POINT('',(17.9589921564955,5.98673513107072,4.00000000000002));
#4570=CARTESIAN_POINT('',(15.8601534999067,4.75828113258526,4.00000000000002));
#4571=CARTESIAN_POINT('',(25.0077396334887,10.1123795655506,4.00000000000002));
#4572=CARTESIAN_POINT('Origin',(15.456041766312,5.4487142534798,4.00000000000002));
#4573=CARTESIAN_POINT('',(15.8600341535143,4.7584850383255,4.00000000000002));
#4574=CARTESIAN_POINT('',(15.8600341535143,4.7584850383255,4.00000000000002));
#4575=CARTESIAN_POINT('',(15.7492067867241,4.94783584992607,4.00000000000002));
#4576=CARTESIAN_POINT('Origin',(25.0077396334887,10.1123795655506,4.00000000000002));
#4577=CARTESIAN_POINT('',(15.2232465715372,4.3857911909322,4.00000000000002));
#4578=CARTESIAN_POINT('',(15.2232465715372,4.3857911909322,4.00000000000002));
#4579=CARTESIAN_POINT('',(15.2232465715372,4.3857911909322,17.8));
#4580=CARTESIAN_POINT('',(15.2232465715372,4.3857911909322,4.00000000000002));
#4581=CARTESIAN_POINT('',(25.0077396334887,10.1123795655506,17.8));
#4582=CARTESIAN_POINT('',(15.2232465715372,4.3857911909322,17.8));
#4583=CARTESIAN_POINT('',(25.0077396334887,10.1123795655506,4.00000000000002));
#4584=CARTESIAN_POINT('Origin',(-3.44682714037115,0.607768594450802,4.00000000000002));
#4585=CARTESIAN_POINT('',(25.2568516690904,9.33123251672787,4.00000000000002));
#4586=CARTESIAN_POINT('Origin',(-3.44682714037115,0.607768594450802,4.00000000000002));
#4587=CARTESIAN_POINT('',(25.2568516690904,9.33123251672787,17.8));
#4588=CARTESIAN_POINT('Origin',(-3.44682714037115,0.607768594450802,17.8));
#4589=CARTESIAN_POINT('',(25.2568516690904,9.33123251672787,4.00000000000002));
#4590=CARTESIAN_POINT('Origin',(15.627341592783,3.69535132113588,4.00000000000002));
#4591=CARTESIAN_POINT('',(15.627341592783,3.69535132113588,4.00000000000002));
#4592=CARTESIAN_POINT('',(15.627341592783,3.69535132113588,4.00000000000002));
#4593=CARTESIAN_POINT('',(15.627341592783,3.69535132113588,17.8));
#4594=CARTESIAN_POINT('',(15.627341592783,3.69535132113588,17.8));
#4595=CARTESIAN_POINT('',(15.627341592783,3.69535132113588,4.00000000000002));
#4596=CARTESIAN_POINT('Origin',(15.2232465715372,4.3857911909322,4.00000000000002));
#4597=CARTESIAN_POINT('',(15.2232465715372,4.3857911909322,4.00000000000002));
#4598=CARTESIAN_POINT('',(15.2232465715372,4.3857911909322,17.8));
#4599=CARTESIAN_POINT('Origin',(20.2400491203138,6.90386544334325,17.8));
#4600=CARTESIAN_POINT('Origin',(20.2400491203138,6.90386544334325,4.00000000000002));
#4601=CARTESIAN_POINT('Origin',(-9.07390565673854,-23.5610332605544,17.));
#4602=CARTESIAN_POINT('',(-9.44287597324034,-28.7869145709424,17.));
#4603=CARTESIAN_POINT('',(-9.50563190301258,-18.1878219753339,17.));
#4604=CARTESIAN_POINT('',(-9.45833986542485,-26.1751577895993,17.));
#4605=CARTESIAN_POINT('',(-9.50586816375981,-18.1878233794714,17.));
#4606=CARTESIAN_POINT('',(-9.44189968137611,-28.9511858308105,17.));
#4607=CARTESIAN_POINT('',(-8.70587967465361,-18.1830689126583,17.));
#4608=CARTESIAN_POINT('Origin',(-9.50586816375981,-18.1878233794714,4.00000000000002));
#4609=CARTESIAN_POINT('',(-9.50586816375981,-18.1878233794714,4.00000000000002));
#4610=CARTESIAN_POINT('',(-9.44287597324034,-28.7869145709423,4.00000000000002));
#4611=CARTESIAN_POINT('',(-9.49122342880998,-20.6519523441595,4.00000000000002));
#4612=CARTESIAN_POINT('',(-9.50586816375981,-18.1878233794714,4.00000000000002));
#4613=CARTESIAN_POINT('',(-9.44287597324034,-28.7869145709423,4.00000000000002));
#4614=CARTESIAN_POINT('Origin',(-8.70587967465361,-18.1830689126583,4.00000000000002));
#4615=CARTESIAN_POINT('',(-9.50563190301258,-18.1878219753339,4.00000000000002));
#4616=CARTESIAN_POINT('',(-9.50563190301258,-18.1878219753339,4.00000000000002));
#4617=CARTESIAN_POINT('',(-9.30580017292494,-18.1866343415843,4.00000000000002));
#4618=CARTESIAN_POINT('Origin',(-9.44287597324034,-28.7869145709424,4.00000000000002));
#4619=CARTESIAN_POINT('',(-9.51000045170076,-17.4500008288305,4.00000000000002));
#4620=CARTESIAN_POINT('',(-9.51000045170076,-17.4500008288305,4.00000000000002));
#4621=CARTESIAN_POINT('',(-9.51000045170076,-17.4500008288305,17.8));
#4622=CARTESIAN_POINT('',(-9.51000045170076,-17.4500008288305,4.00000000000002));
#4623=CARTESIAN_POINT('',(-9.44287597324034,-28.7869145709423,17.8));
#4624=CARTESIAN_POINT('',(-9.51000045170076,-17.4500008288305,17.8));
#4625=CARTESIAN_POINT('',(-9.44287597324034,-28.7869145709423,4.00000000000002));
#4626=CARTESIAN_POINT('Origin',(-3.44682714037115,0.607768594450802,4.00000000000002));
#4627=CARTESIAN_POINT('',(-10.2439251794129,-28.6120783977505,4.00000000000002));
#4628=CARTESIAN_POINT('Origin',(-3.44682714037115,0.607768594450802,4.00000000000002));
#4629=CARTESIAN_POINT('',(-10.2439251794129,-28.6120783977505,17.8));
#4630=CARTESIAN_POINT('Origin',(-3.44682714037115,0.607768594450802,17.8));
#4631=CARTESIAN_POINT('',(-10.2439251794129,-28.6120783977505,4.00000000000002));
#4632=CARTESIAN_POINT('Origin',(-10.3099864293529,-17.454737447874,4.00000000000002));
#4633=CARTESIAN_POINT('',(-10.3099864293529,-17.454737447874,4.00000000000002));
#4634=CARTESIAN_POINT('',(-10.3099864293529,-17.454737447874,4.00000000000002));
#4635=CARTESIAN_POINT('',(-10.3099864293529,-17.454737447874,17.8));
#4636=CARTESIAN_POINT('',(-10.3099864293529,-17.454737447874,17.8));
#4637=CARTESIAN_POINT('',(-10.3099864293529,-17.454737447874,4.00000000000002));
#4638=CARTESIAN_POINT('Origin',(-9.51000045170076,-17.4500008288305,4.00000000000002));
#4639=CARTESIAN_POINT('',(-9.51000045170076,-17.4500008288305,4.00000000000002));
#4640=CARTESIAN_POINT('',(-9.51000045170076,-17.4500008288305,17.8));
#4641=CARTESIAN_POINT('Origin',(-9.87643120129662,-23.1184576998864,17.8));
#4642=CARTESIAN_POINT('Origin',(-9.87643120129662,-23.1184576998864,4.00000000000002));
#4643=CARTESIAN_POINT('Origin',(-32.2210402165835,9.09568128513798,4.00000000000002));
#4644=CARTESIAN_POINT('',(-22.5413831956703,3.50712869845047,4.00000000000002));
#4645=CARTESIAN_POINT('',(-32.2210402165835,9.09568128513798,4.00000000000002));
#4646=CARTESIAN_POINT('',(-22.5413831956703,3.50712869845047,4.00000000000002));
#4647=CARTESIAN_POINT('',(-22.5413831956703,3.50712869845047,17.8));
#4648=CARTESIAN_POINT('',(-22.5413831956703,3.50712869845047,4.00000000000002));
#4649=CARTESIAN_POINT('',(-32.2210402165835,9.09568128513798,17.8));
#4650=CARTESIAN_POINT('',(-22.5413831956703,3.50712869845047,17.8));
#4651=CARTESIAN_POINT('',(-32.2210402165835,9.09568128513798,4.00000000000002));
#4652=CARTESIAN_POINT('Origin',(-3.44682714037115,0.607768594450802,4.00000000000002));
#4653=CARTESIAN_POINT('',(-31.9994425864139,9.81364450011015,4.00000000000002));
#4654=CARTESIAN_POINT('Origin',(-3.44682714037115,0.607768594450802,4.00000000000002));
#4655=CARTESIAN_POINT('',(-31.9994425864139,9.81364450011015,17.8));
#4656=CARTESIAN_POINT('Origin',(-3.44682714037115,0.607768594450802,17.8));
#4657=CARTESIAN_POINT('',(-31.9994425864139,9.81364450011015,4.00000000000002));
#4658=CARTESIAN_POINT('Origin',(-22.1413831956703,4.19994902147802,4.00000000000002));
#4659=CARTESIAN_POINT('',(-22.1413831956703,4.19994902147802,4.00000000000002));
#4660=CARTESIAN_POINT('',(-22.1413831956703,4.19994902147802,4.00000000000002));
#4661=CARTESIAN_POINT('',(-22.1413831956703,4.19994902147802,17.8));
#4662=CARTESIAN_POINT('',(-22.1413831956703,4.19994902147802,17.8));
#4663=CARTESIAN_POINT('',(-22.1413831956703,4.19994902147802,4.00000000000002));
#4664=CARTESIAN_POINT('Origin',(-22.5413831956703,3.50712869845047,4.00000000000002));
#4665=CARTESIAN_POINT('',(-22.1413831956703,4.19994902147802,4.00000000000002));
#4666=CARTESIAN_POINT('',(-22.1413831956703,4.19994902147802,17.8));
#4667=CARTESIAN_POINT('Origin',(-27.1812117061269,6.66038659928031,17.8));
#4668=CARTESIAN_POINT('Origin',(-27.1812117061269,6.66038659928031,4.00000000000002));
#4669=CARTESIAN_POINT('Origin',(18.2910274129745,21.2830117470135,4.00000000000002));
#4670=CARTESIAN_POINT('',(8.61137039206122,15.694459160326,4.00000000000002));
#4671=CARTESIAN_POINT('',(18.2910274129745,21.2830117470135,4.00000000000002));
#4672=CARTESIAN_POINT('',(8.61137039206122,15.694459160326,4.00000000000002));
#4673=CARTESIAN_POINT('',(8.61137039206122,15.694459160326,17.8));
#4674=CARTESIAN_POINT('',(8.61137039206122,15.694459160326,4.00000000000002));
#4675=CARTESIAN_POINT('',(18.2910274129745,21.2830117470135,17.8));
#4676=CARTESIAN_POINT('',(8.61137039206122,15.694459160326,17.8));
#4677=CARTESIAN_POINT('',(18.2910274129745,21.2830117470135,4.00000000000002));
#4678=CARTESIAN_POINT('Origin',(-3.44682714037115,0.607768594450802,4.00000000000002));
#4679=CARTESIAN_POINT('',(18.8020029810383,20.7321209623821,4.00000000000002));
#4680=CARTESIAN_POINT('Origin',(-3.44682714037115,0.607768594450802,4.00000000000002));
#4681=CARTESIAN_POINT('',(18.8020029810383,20.7321209623821,17.8));
#4682=CARTESIAN_POINT('Origin',(-3.44682714037115,0.607768594450802,17.8));
#4683=CARTESIAN_POINT('',(18.8020029810383,20.7321209623821,4.00000000000002));
#4684=CARTESIAN_POINT('Origin',(9.01137039206122,15.0016388372985,4.00000000000002));
#4685=CARTESIAN_POINT('',(9.01137039206122,15.0016388372985,4.00000000000002));
#4686=CARTESIAN_POINT('',(9.01137039206122,15.0016388372985,4.00000000000002));
#4687=CARTESIAN_POINT('',(9.01137039206122,15.0016388372985,17.8));
#4688=CARTESIAN_POINT('',(9.01137039206122,15.0016388372985,17.8));
#4689=CARTESIAN_POINT('',(9.01137039206122,15.0016388372985,4.00000000000002));
#4690=CARTESIAN_POINT('Origin',(8.61137039206122,15.694459160326,4.00000000000002));
#4691=CARTESIAN_POINT('',(9.01137039206122,15.0016388372985,4.00000000000002));
#4692=CARTESIAN_POINT('',(9.01137039206122,15.0016388372985,17.8));
#4693=CARTESIAN_POINT('Origin',(13.7066866865498,18.142325292156,17.8));
#4694=CARTESIAN_POINT('Origin',(13.7066866865498,18.142325292156,4.00000000000002));
#4695=CARTESIAN_POINT('Origin',(-3.32664336697712,-23.1586434215082,4.00000000000002));
#4696=CARTESIAN_POINT('',(2.79429251233836,-18.1783086372755,4.00000000000002));
#4697=CARTESIAN_POINT('',(1.99385829184575,-18.1830657531456,4.00000000000002));
#4698=CARTESIAN_POINT('',(-0.280866294566715,-18.1965848258603,4.00000000000002));
#4699=CARTESIAN_POINT('',(-8.70587967465361,-18.1830689126583,4.00000000000002));
#4700=CARTESIAN_POINT('',(-8.70587967465361,-18.1830689126583,4.00000000000002));
#4701=CARTESIAN_POINT('',(-9.50586816375981,-18.1878233794714,4.00000000000002));
#4702=CARTESIAN_POINT('',(-6.03114133610334,-18.1671724906002,4.00000000000002));
#4703=CARTESIAN_POINT('',(-9.51024491821642,-17.4513889226647,4.00000000000002));
#4704=CARTESIAN_POINT('',(-9.44189968137611,-28.9511858308105,4.00000000000002));
#4705=CARTESIAN_POINT('',(2.78953786180046,-17.3782892345659,4.00000000000002));
#4706=CARTESIAN_POINT('',(-9.51024491821642,-17.4513889226647,4.00000000000002));
#4707=CARTESIAN_POINT('',(2.78953786180046,-17.3782892345659,4.00000000000002));
#4708=CARTESIAN_POINT('Origin',(-8.70587967465361,-18.1830689126583,4.00000000000002));
#4709=CARTESIAN_POINT('',(1.99385829184576,-18.1830657531456,17.));
#4710=CARTESIAN_POINT('',(1.99385829184575,-18.1830657531456,4.00000000000002));
#4711=CARTESIAN_POINT('',(-8.70587967465361,-18.1830689126583,17.));
#4712=CARTESIAN_POINT('',(-8.70587967465361,-18.1830689126583,17.));
#4713=CARTESIAN_POINT('',(-8.70587967465361,-18.1830689126583,4.00000000000002));
#4714=CARTESIAN_POINT('Origin',(2.78953786180046,-17.3782892345659,4.00000000000002));
#4715=CARTESIAN_POINT('',(-9.51024491821642,-17.4513889226647,17.8));
#4716=CARTESIAN_POINT('',(-9.51024491821642,-17.4513889226647,4.00000000000002));
#4717=CARTESIAN_POINT('',(2.78953786180046,-17.3782892345681,17.8));
#4718=CARTESIAN_POINT('',(-9.51024491821642,-17.4513889226647,17.8));
#4719=CARTESIAN_POINT('',(2.78953786180046,-17.3782892345659,4.00000000000002));
#4720=CARTESIAN_POINT('Origin',(-9.51024491821642,-17.4513889226647,4.00000000000002));
#4721=CARTESIAN_POINT('',(-9.50586816375981,-18.1878233794714,17.));
#4722=CARTESIAN_POINT('',(-9.44287597324034,-28.7869145709424,17.));
#4723=CARTESIAN_POINT('',(-9.49208252920118,-20.5073997684544,17.));
#4724=CARTESIAN_POINT('',(-9.44287597324037,-28.7869145709424,17.8));
#4725=CARTESIAN_POINT('',(-9.44287597324034,-28.7869145709424,4.00000000000002));
#4726=CARTESIAN_POINT('',(-9.44287597324035,-28.7869145709424,17.8));
#4727=CARTESIAN_POINT('',(-9.50586816375981,-18.1878233794714,4.00000000000002));
#4728=CARTESIAN_POINT('Origin',(-3.32664336697713,-23.3852603200575,17.));
#4729=CARTESIAN_POINT('',(2.85695818426217,-28.7224596791399,17.));
#4730=CARTESIAN_POINT('Origin',(-3.44682714037115,0.607768594450802,17.));
#4731=CARTESIAN_POINT('',(-8.70587967465361,-18.1830689126583,17.));
#4732=CARTESIAN_POINT('',(2.79429251233836,-18.1783086372755,17.));
#4733=CARTESIAN_POINT('',(1.99385829184575,-18.1830657531456,17.));
#4734=CARTESIAN_POINT('',(2.84152298274996,-26.1253264942563,17.));
#4735=CARTESIAN_POINT('Origin',(-3.32664336697713,-23.3852603200575,17.8));
#4736=CARTESIAN_POINT('',(2.85695818426208,-28.7224596791399,17.8));
#4737=CARTESIAN_POINT('Origin',(-3.44682714037115,0.607768594450802,17.8));
#4738=CARTESIAN_POINT('',(2.85695818426215,-28.7224596791399,17.8));
#4739=CARTESIAN_POINT('Origin',(-3.44682714037115,0.607768594450802,-1.99999999999998));
#4740=CARTESIAN_POINT('',(2.85695818426217,-28.7224596791399,4.00000000000002));
#4741=CARTESIAN_POINT('Origin',(2.85695818426217,-28.7224596791399,4.00000000000002));
#4742=CARTESIAN_POINT('',(2.79429251233836,-18.1783086372755,4.00000000000002));
#4743=CARTESIAN_POINT('Origin',(-8.70587967465361,-18.1830689126583,4.00000000000002));
#4744=CARTESIAN_POINT('Origin',(2.79429251233836,-18.1783086372755,4.00000000000002));
#4745=CARTESIAN_POINT('Origin',(15.456041766312,5.4487142534798,4.00000000000002));
#4746=CARTESIAN_POINT('',(15.456041766312,5.4487142534798,4.00000000000002));
#4747=CARTESIAN_POINT('',(15.8601534999067,4.75828113258526,4.00000000000002));
#4748=CARTESIAN_POINT('',(14.104322298278,7.75815447335863,4.00000000000002));
#4749=CARTESIAN_POINT('',(15.456041766312,5.4487142534798,17.));
#4750=CARTESIAN_POINT('',(15.456041766312,5.4487142534798,4.00000000000002));
#4751=CARTESIAN_POINT('',(15.8601534999067,4.75828113258526,17.));
#4752=CARTESIAN_POINT('',(15.456041766312,5.4487142534798,17.));
#4753=CARTESIAN_POINT('',(15.8601534999067,4.75828113258526,4.00000000000002));
#4754=CARTESIAN_POINT('Origin',(9.70183315340552,15.4057753776187,4.00000000000002));
#4755=CARTESIAN_POINT('',(9.70183315340552,15.4057753776187,4.00000000000002));
#4756=CARTESIAN_POINT('',(10.1061700468441,14.7149575665488,4.00000000000002));
#4757=CARTESIAN_POINT('',(11.2546566070295,12.752744905707,4.00000000000002));
#4758=CARTESIAN_POINT('',(9.70183315340552,15.4057753776187,17.));
#4759=CARTESIAN_POINT('',(9.70183315340552,15.4057753776187,4.00000000000002));
#4760=CARTESIAN_POINT('',(10.1061700468441,14.7149575665488,17.));
#4761=CARTESIAN_POINT('',(10.1061700468441,14.7149575665488,17.));
#4762=CARTESIAN_POINT('',(10.1061700468441,14.7149575665488,4.00000000000002));
#4763=CARTESIAN_POINT('Origin',(18.8020029810383,20.7321209623821,4.00000000000002));
#4764=CARTESIAN_POINT('',(18.8020029810383,20.7321209623821,17.));
#4765=CARTESIAN_POINT('',(16.5519342025897,19.4151517046094,17.));
#4766=CARTESIAN_POINT('',(9.0113733524075,15.001648028112,4.00000000000002));
#4767=CARTESIAN_POINT('',(9.0113733524075,15.001648028112,4.00000000000002));
#4768=CARTESIAN_POINT('',(9.01137335240941,15.0016480281131,17.8));
#4769=CARTESIAN_POINT('',(9.0113733524075,15.001648028112,4.00000000000002));
#4770=CARTESIAN_POINT('',(18.8020029810383,20.7321209623821,17.8));
#4771=CARTESIAN_POINT('',(18.8020029810383,20.7321209623821,17.8));
#4772=CARTESIAN_POINT('',(18.8020029810383,20.7321209623821,4.00000000000002));
#4773=CARTESIAN_POINT('Origin',(-3.44682714037115,0.607768594450802,-1.99999999999998));
#4774=CARTESIAN_POINT('',(25.0077396334887,10.1123795655506,17.));
#4775=CARTESIAN_POINT('Origin',(-3.44682714037115,0.607768594450802,17.));
#4776=CARTESIAN_POINT('',(25.0077396334887,10.1123795655506,17.8));
#4777=CARTESIAN_POINT('Origin',(-3.44682714037115,0.607768594450802,17.8));
#4778=CARTESIAN_POINT('',(25.0077396334887,10.1123795655506,4.00000000000002));
#4779=CARTESIAN_POINT('Origin',(17.0095564929481,12.5591972430092,17.8));
#4780=CARTESIAN_POINT('',(15.2245709293182,4.38627352363634,17.8));
#4781=CARTESIAN_POINT('',(15.2245709293182,4.38627352363634,17.8));
#4782=CARTESIAN_POINT('',(25.0077396334887,10.1123795655506,17.8));
#4783=CARTESIAN_POINT('Origin',(17.0095564929481,12.5591972430092,17.));
#4784=CARTESIAN_POINT('',(17.8378941042145,5.91585622569783,17.));
#4785=CARTESIAN_POINT('',(15.456041766312,5.4487142534798,17.));
#4786=CARTESIAN_POINT('Origin',(15.2245709293182,4.38627352363634,4.00000000000002));
#4787=CARTESIAN_POINT('',(15.2245709293182,4.38627352363634,4.00000000000002));
#4788=CARTESIAN_POINT('',(15.2245709293182,4.38627352363634,4.00000000000002));
#4789=CARTESIAN_POINT('',(25.1495145717141,10.1953606890406,4.00000000000002));
#4790=CARTESIAN_POINT('Origin',(9.0113733524075,15.001648028112,4.00000000000002));
#4791=CARTESIAN_POINT('',(15.2245709293182,4.38627352363634,4.00000000000002));
#4792=CARTESIAN_POINT('Origin',(15.456041766312,5.4487142534798,4.00000000000002));
#4793=CARTESIAN_POINT('',(15.456041766312,5.4487142534798,4.00000000000002));
#4794=CARTESIAN_POINT('Origin',(17.0095564929481,12.5591972430092,4.00000000000002));
#4795=CARTESIAN_POINT('Origin',(-24.0271250093146,12.3488938892752,4.00000000000002));
#4796=CARTESIAN_POINT('',(-17.0906435127718,14.5576604425309,4.00000000000002));
#4797=CARTESIAN_POINT('',(-16.6947667572604,15.2528480302386,4.00000000000002));
#4798=CARTESIAN_POINT('',(-18.4148113218394,12.2323280958099,4.00000000000002));
#4799=CARTESIAN_POINT('',(-16.0548074322152,14.8884211823807,4.00000000000002));
#4800=CARTESIAN_POINT('',(-26.0480963114514,20.5791309251223,4.00000000000002));
#4801=CARTESIAN_POINT('',(-22.1413926353214,4.19994698980634,4.00000000000002));
#4802=CARTESIAN_POINT('',(-16.0548074322152,14.8884211823807,4.00000000000002));
#4803=CARTESIAN_POINT('',(-22.8366070868573,4.59583904300921,4.00000000000002));
#4804=CARTESIAN_POINT('',(-22.1413926353214,4.19994698980634,4.00000000000002));
#4805=CARTESIAN_POINT('',(-22.4405097598033,5.29141396994925,4.00000000000002));
#4806=CARTESIAN_POINT('',(-21.3154206721275,7.26714999872159,4.00000000000002));
#4807=CARTESIAN_POINT('',(-17.0906435127718,14.5576604425309,4.00000000000002));
#4808=CARTESIAN_POINT('Origin',(-17.0906435127718,14.5576604425309,4.00000000000002));
#4809=CARTESIAN_POINT('',(-22.4405097598033,5.29141396994925,17.));
#4810=CARTESIAN_POINT('',(-22.4405097598033,5.29141396994925,4.00000000000002));
#4811=CARTESIAN_POINT('',(-17.0906435127718,14.5576604425309,17.));
#4812=CARTESIAN_POINT('',(-17.0906435127718,14.5576604425309,17.));
#4813=CARTESIAN_POINT('',(-17.0906435127718,14.5576604425309,4.00000000000002));
#4814=CARTESIAN_POINT('Origin',(-22.1413926353214,4.19994698980634,4.00000000000002));
#4815=CARTESIAN_POINT('',(-16.0548074322152,14.8884211823807,17.8));
#4816=CARTESIAN_POINT('',(-16.0548074322152,14.8884211823807,4.00000000000002));
#4817=CARTESIAN_POINT('',(-22.1413926353233,4.19994698980745,17.8));
#4818=CARTESIAN_POINT('',(-16.0548074322152,14.8884211823807,17.8));
#4819=CARTESIAN_POINT('',(-22.1413926353214,4.19994698980634,4.00000000000002));
#4820=CARTESIAN_POINT('Origin',(-16.0548074322152,14.8884211823807,4.00000000000002));
#4821=CARTESIAN_POINT('',(-16.6947667572604,15.2528480302386,17.));
#4822=CARTESIAN_POINT('',(-25.9053450813618,20.4978407887441,17.));
#4823=CARTESIAN_POINT('',(-18.7031613300317,16.3965346283801,17.));
#4824=CARTESIAN_POINT('',(-25.9053450813618,20.4978407887441,17.8));
#4825=CARTESIAN_POINT('',(-25.9053450813618,20.4978407887441,4.00000000000002));
#4826=CARTESIAN_POINT('',(-25.9053450813618,20.4978407887441,17.8));
#4827=CARTESIAN_POINT('',(-16.6947667572604,15.2528480302386,4.00000000000002));
#4828=CARTESIAN_POINT('Origin',(-24.0271250093146,12.3488938892752,17.));
#4829=CARTESIAN_POINT('',(-31.9994425864139,9.81364450011016,17.));
#4830=CARTESIAN_POINT('Origin',(-3.44682714037115,0.607768594450802,17.));
#4831=CARTESIAN_POINT('',(-17.0906435127718,14.5576604425309,17.));
#4832=CARTESIAN_POINT('',(-22.8366070868573,4.59583904300921,17.));
#4833=CARTESIAN_POINT('',(-22.4405097598033,5.29141396994925,17.));
#4834=CARTESIAN_POINT('',(-29.7169726299656,8.51388481382078,17.));
#4835=CARTESIAN_POINT('Origin',(-24.0271250093146,12.3488938892752,17.8));
#4836=CARTESIAN_POINT('',(-31.9994425864139,9.81364450011017,17.8));
#4837=CARTESIAN_POINT('',(-31.9994425864139,9.81364450011017,17.8));
#4838=CARTESIAN_POINT('Origin',(-3.44682714037115,0.607768594450802,17.8));
#4839=CARTESIAN_POINT('Origin',(-3.44682714037115,0.607768594450802,-1.99999999999998));
#4840=CARTESIAN_POINT('',(-31.9994425864139,9.81364450011016,4.00000000000002));
#4841=CARTESIAN_POINT('Origin',(-31.9994425864139,9.81364450011016,4.00000000000002));
#4842=CARTESIAN_POINT('',(-22.8366070868573,4.59583904300921,4.00000000000002));
#4843=CARTESIAN_POINT('Origin',(-22.8366070868573,4.59583904300921,4.00000000000002));
#4844=CARTESIAN_POINT('Origin',(-17.0906435127718,14.5576604425309,4.00000000000002));
#4845=CARTESIAN_POINT('Origin',(-3.44682714037115,0.607768594450802,1.00000000000002));
#4846=CARTESIAN_POINT('',(-33.4468271403712,0.607768594450798,1.00000000000002));
#4847=CARTESIAN_POINT('Origin',(-3.44682714037115,0.607768594450802,1.00000000000002));
#4848=CARTESIAN_POINT('',(-7.03803864529052,10.4745411127028,1.00000000000002));
#4849=CARTESIAN_POINT('',(-8.06409903326,13.2936189903501,1.00000000000002));
#4850=CARTESIAN_POINT('Origin',(-7.55106886027901,11.8840800438818,1.00000000000002));
#4851=CARTESIAN_POINT('',(6.83820247179387,2.72157224590207,1.00000000000002));
#4852=CARTESIAN_POINT('Origin',(-3.44682714037115,0.607768594450802,1.00000000000002));
#4853=CARTESIAN_POINT('',(8.32861690951768,1.52369295155543,1.00000000000002));
#4854=CARTESIAN_POINT('Origin',(8.30749241638887,3.02354419610939,1.00000000000002));
#4855=CARTESIAN_POINT('',(11.3252891509306,-1.99695409256552,1.00000000000002));
#4856=CARTESIAN_POINT('Origin',(8.37086589577531,-1.47600953755253,1.00000000000002));
#4857=CARTESIAN_POINT('',(6.1949869878047,-10.8828980667012,1.00000000000002));
#4858=CARTESIAN_POINT('Origin',(-3.44682714037116,0.607768594450815,1.00000000000002));
#4859=CARTESIAN_POINT('',(8.12334983398671,-13.1810313816906,1.00000000000002));
#4860=CARTESIAN_POINT('Origin',(7.15916841945692,-12.0319647170122,1.00000000000002));
#4861=CARTESIAN_POINT('',(14.2797124138485,-2.51789860355421,1.00000000000002));
#4862=CARTESIAN_POINT('Origin',(-3.44682714037115,0.607768594450802,1.00000000000002));
#4863=CARTESIAN_POINT('',(20.1885589319218,-3.55978766955587,1.00000000000002));
#4864=CARTESIAN_POINT('Origin',(17.2341356728852,-3.03884313655504,1.00000000000002));
#4865=CARTESIAN_POINT('',(11.9800754921061,-17.7772980404045,1.00000000000002));
#4866=CARTESIAN_POINT('Origin',(-3.44682714037115,0.607768594450804,1.00000000000002));
#4867=CARTESIAN_POINT('',(13.9084383211657,-20.0754313697614,1.00000000000002));
#4868=CARTESIAN_POINT('Origin',(12.9442569066359,-18.9263647050829,1.00000000000002));
#4869=CARTESIAN_POINT('',(22.6747881493759,7.43867004700114,1.00000000000002));
#4870=CARTESIAN_POINT('Origin',(-3.44682714037115,0.607768594450802,1.00000000000002));
#4871=CARTESIAN_POINT('',(20.5044127006896,8.37552953799079,1.00000000000002));
#4872=CARTESIAN_POINT('Origin',(21.2235872999455,7.05917552185945,1.00000000000002));
#4873=CARTESIAN_POINT('',(15.2558710877899,17.4662702771728,1.00000000000002));
#4874=CARTESIAN_POINT('Origin',(17.9873016032939,12.9827685944505,1.00000000000002));
#4875=CARTESIAN_POINT('',(15.5297146931596,19.81430029698,1.00000000000002));
#4876=CARTESIAN_POINT('Origin',(14.4754623690745,18.7472707579506,1.00000000000002));
#4877=CARTESIAN_POINT('',(10.1038219900591,23.9611389752753,1.00000000000002));
#4878=CARTESIAN_POINT('Origin',(-3.44682714037115,0.607768594450802,1.00000000000002));
#4879=CARTESIAN_POINT('',(7.99223427113076,23.2991298146132,1.00000000000002));
#4880=CARTESIAN_POINT('Origin',(9.3510081494796,22.6637295096739,1.00000000000002));
#4881=CARTESIAN_POINT('',(4.24862608445611,21.7508525621339,1.00000000000002));
#4882=CARTESIAN_POINT('Origin',(5.27468651443308,24.5699304244916,1.00000000000002));
#4883=CARTESIAN_POINT('',(-11.1422803651984,21.7508525621339,1.00000000000002));
#4884=CARTESIAN_POINT('Origin',(-3.44682714037115,0.607768594450802,1.00000000000002));
#4885=CARTESIAN_POINT('',(-10.1162199352214,18.9317746997761,1.00000000000002));
#4886=CARTESIAN_POINT('Origin',(-10.6292501502099,20.341313630955,1.00000000000002));
#4887=CARTESIAN_POINT('',(3.22256565447915,18.9317746997761,1.00000000000002));
#4888=CARTESIAN_POINT('Origin',(-3.44682714037115,0.607768594450802,1.00000000000002));
#4889=CARTESIAN_POINT('',(1.17044483653273,13.2936189597712,1.00000000000002));
#4890=CARTESIAN_POINT('Origin',(2.19650522450217,16.1126968374184,1.00000000000002));
#4891=CARTESIAN_POINT('Origin',(-3.44682714037116,0.607768594450789,1.00000000000002));
#4892=CARTESIAN_POINT('',(-10.1960970420799,-7.43569805829834,1.00000000000002));
#4893=CARTESIAN_POINT('',(-12.1244599053844,-9.73383135892047,1.00000000000002));
#4894=CARTESIAN_POINT('Origin',(-11.1602784566098,-8.58476472297682,1.00000000000002));
#4895=CARTESIAN_POINT('',(-10.4199496072228,8.45796369153528,1.00000000000002));
#4896=CARTESIAN_POINT('Origin',(-3.44682714037115,0.607768594450802,1.00000000000002));
#4897=CARTESIAN_POINT('',(-10.1277629265131,10.3476401039445,1.00000000000002));
#4898=CARTESIAN_POINT('Origin',(-11.4161099596301,9.57942013397592,1.00000000000002));
#4899=CARTESIAN_POINT('',(-8.57712926925226,14.7031579138843,1.00000000000002));
#4900=CARTESIAN_POINT('Origin',(-7.55106886027901,11.8840800438818,1.00000000000002));
#4901=CARTESIAN_POINT('',(1.68347503051746,14.7031578985948,1.00000000000002));
#4902=CARTESIAN_POINT('Origin',(-3.44682714037116,0.607768594450789,1.00000000000002));
#4903=CARTESIAN_POINT('',(2.70953543949066,17.5222357685972,1.00000000000002));
#4904=CARTESIAN_POINT('Origin',(2.19650522450217,16.1126968374184,1.00000000000002));
#4905=CARTESIAN_POINT('',(-9.60318972023293,17.5222357685972,1.00000000000002));
#4906=CARTESIAN_POINT('Origin',(-3.44682714037115,0.607768594450802,1.00000000000002));
#4907=CARTESIAN_POINT('',(-11.6553105801869,23.1603914933128,1.00000000000002));
#4908=CARTESIAN_POINT('Origin',(-10.6292501502099,20.341313630955,1.00000000000002));
#4909=CARTESIAN_POINT('',(4.7616562994446,23.1603914933127,1.00000000000002));
#4910=CARTESIAN_POINT('Origin',(-3.44682714037115,0.607768594450802,1.00000000000002));
#4911=CARTESIAN_POINT('',(5.78771672942156,25.9794693556704,1.00000000000002));
#4912=CARTESIAN_POINT('Origin',(5.27468651443308,24.5699304244916,1.00000000000002));
#4913=CARTESIAN_POINT('',(-22.4233689739013,19.8143002969806,1.00000000000002));
#4914=CARTESIAN_POINT('Origin',(-3.44682714037115,0.607768594450802,1.00000000000002));
#4915=CARTESIAN_POINT('',(-22.1495253685317,17.4662702771734,1.00000000000002));
#4916=CARTESIAN_POINT('Origin',(-21.3691166498163,18.7472707579511,1.00000000000002));
#4917=CARTESIAN_POINT('',(-27.3980669814316,8.37552953799153,1.00000000000002));
#4918=CARTESIAN_POINT('Origin',(-24.8809558840358,12.9827685944511,1.00000000000002));
#4919=CARTESIAN_POINT('',(-29.568442430118,7.43867004700194,1.00000000000002));
#4920=CARTESIAN_POINT('Origin',(-28.1172415806876,7.05917552186021,1.00000000000002));
#4921=CARTESIAN_POINT('',(-30.4467637193673,0.666289788760631,1.00000000000002));
#4922=CARTESIAN_POINT('Origin',(-3.44682714037115,0.607768594450802,1.00000000000002));
#4923=CARTESIAN_POINT('',(-28.8176531092318,-0.831394237819435,1.00000000000002));
#4924=CARTESIAN_POINT('Origin',(-28.9467672427564,0.663038611298974,1.00000000000002));
#4925=CARTESIAN_POINT('',(-25.6050015831458,-3.29931540305544,1.00000000000002));
#4926=CARTESIAN_POINT('Origin',(-28.5594248421824,-3.82025993605626,1.00000000000002));
#4927=CARTESIAN_POINT('',(-17.9095483583185,-16.628231375726,1.00000000000002));
#4928=CARTESIAN_POINT('Origin',(-3.44682714037115,0.607768594450801,1.00000000000002));
#4929=CARTESIAN_POINT('',(-15.9811855292589,-14.3300980463691,1.00000000000002));
#4930=CARTESIAN_POINT('Origin',(-16.9453669437887,-15.4791647110476,1.00000000000002));
#4931=CARTESIAN_POINT('',(-22.6505783241092,-2.77837087005458,1.00000000000002));
#4932=CARTESIAN_POINT('Origin',(-3.44682714037115,0.607768594450802,1.00000000000002));
#4933=CARTESIAN_POINT('',(-16.7417318137986,-1.73648176002862,1.00000000000002));
#4934=CARTESIAN_POINT('Origin',(-19.6961550650726,-2.25742633705377,1.00000000000002));
#4935=CARTESIAN_POINT('Origin',(-3.44682714037114,0.607768594450803,1.00000000000002));
#4936=CARTESIAN_POINT('',(6.89365426625696,-1.21553727105211,1.00000000000002));
#4937=CARTESIAN_POINT('',(9.84807751753098,-1.73648184807727,1.00000000000002));
#4938=CARTESIAN_POINT('Origin',(8.37086589577531,-1.47600953755253,1.00000000000002));
#4939=CARTESIAN_POINT('',(-6.75873428568455,-9.35623015408495,1.00000000000002));
#4940=CARTESIAN_POINT('Origin',(-3.44682714037115,0.607768594450802,1.00000000000002));
#4941=CARTESIAN_POINT('',(-8.54133540411802,-10.0480272721476,1.00000000000002));
#4942=CARTESIAN_POINT('Origin',(-7.23186387787218,-10.7796585467329,1.00000000000002));
#4943=CARTESIAN_POINT('',(-13.0886413027918,-10.8828980379664,1.00000000000002));
#4944=CARTESIAN_POINT('Origin',(-11.1602784566098,-8.58476472297682,1.00000000000002));
#4945=CARTESIAN_POINT('',(-18.2189434394356,-1.99695404854121,1.00000000000002));
#4946=CARTESIAN_POINT('Origin',(-3.44682714037114,0.607768594450803,1.00000000000002));
#4947=CARTESIAN_POINT('',(-21.1733666945908,-2.51789860355416,1.00000000000002));
#4948=CARTESIAN_POINT('Origin',(-19.6961550650726,-2.25742633705377,1.00000000000002));
#4949=CARTESIAN_POINT('',(-15.017004114729,-13.1810313816906,1.00000000000002));
#4950=CARTESIAN_POINT('Origin',(-3.44682714037115,0.607768594450802,1.00000000000002));
#4951=CARTESIAN_POINT('',(-18.8737297728484,-17.7772980404045,1.00000000000002));
#4952=CARTESIAN_POINT('Origin',(-16.9453669437887,-15.4791647110476,1.00000000000002));
#4953=CARTESIAN_POINT('',(-27.0822132126641,-3.55978766955586,1.00000000000002));
#4954=CARTESIAN_POINT('Origin',(-3.44682714037115,0.607768594450801,1.00000000000002));
#4955=CARTESIAN_POINT('',(-30.0366364717007,-4.08073220255667,1.00000000000002));
#4956=CARTESIAN_POINT('Origin',(-28.5594248421824,-3.82025993605626,1.00000000000002));
#4957=CARTESIAN_POINT('',(-10.5919005965881,-25.4296645606293,1.00000000000002));
#4958=CARTESIAN_POINT('Origin',(-3.44682714037115,0.607768594450802,1.00000000000002));
#4959=CARTESIAN_POINT('',(-8.69536875327132,-24.0184940318117,1.00000000000002));
#4960=CARTESIAN_POINT('Origin',(-10.1949520712427,-23.9831404964582,1.00000000000002));
#4961=CARTESIAN_POINT('',(1.80171447252823,-24.0184940318119,1.00000000000002));
#4962=CARTESIAN_POINT('Origin',(-3.44682714037154,-24.1422314055492,1.00000000000002));
#4963=CARTESIAN_POINT('',(3.69824631584494,-25.4296645606295,1.00000000000002));
#4964=CARTESIAN_POINT('Origin',(3.3012977904996,-23.9831404964584,1.00000000000002));
#4965=CARTESIAN_POINT('',(10.0024603081948,-22.8041229806835,1.00000000000002));
#4966=CARTESIAN_POINT('Origin',(-3.44682714037115,0.607768594450802,1.00000000000002));
#4967=CARTESIAN_POINT('',(10.4849374169875,-20.6444297934413,1.00000000000002));
#4968=CARTESIAN_POINT('Origin',(9.25527767216337,-21.5034623376205,1.00000000000002));
#4969=CARTESIAN_POINT('',(11.0158940775762,-16.628231375726,1.00000000000002));
#4970=CARTESIAN_POINT('Origin',(12.9442569066359,-18.9263647050829,1.00000000000002));
#4971=CARTESIAN_POINT('',(18.7113473024035,-3.29931540305545,1.00000000000002));
#4972=CARTESIAN_POINT('Origin',(-3.44682714037115,0.607768594450804,1.00000000000002));
#4973=CARTESIAN_POINT('',(15.7569240433668,-2.77837087005463,1.00000000000002));
#4974=CARTESIAN_POINT('Origin',(17.2341356728852,-3.03884313655504,1.00000000000002));
#4975=CARTESIAN_POINT('',(9.08753124851654,-14.3300980463691,1.00000000000002));
#4976=CARTESIAN_POINT('Origin',(-3.44682714037115,0.607768594450802,1.00000000000002));
#4977=CARTESIAN_POINT('',(5.23080555615244,-9.73383141639014,1.00000000000002));
#4978=CARTESIAN_POINT('Origin',(7.15916841945692,-12.0319647170122,1.00000000000002));
#4979=CARTESIAN_POINT('Origin',(-3.44682714037116,0.607768594450815,1.00000000000002));
#4980=CARTESIAN_POINT('',(20.3873016032939,12.9827685944505,1.00000000000002));
#4981=CARTESIAN_POINT('Origin',(17.9873016032939,12.9827685944505,1.00000000000002));
#4982=CARTESIAN_POINT('',(4.14932528233553,3.60776859445072,1.00000000000002));
#4983=CARTESIAN_POINT('Origin',(1.74932528233553,3.60776859445072,1.00000000000002));
#4984=CARTESIAN_POINT('',(-22.4809558840358,12.9827685944511,1.00000000000002));
#4985=CARTESIAN_POINT('Origin',(-24.8809558840358,12.9827685944511,1.00000000000002));
#4986=CARTESIAN_POINT('',(-6.24297956307774,3.60776859445089,1.00000000000002));
#4987=CARTESIAN_POINT('Origin',(-8.64297956307773,3.60776859445089,1.00000000000002));
#4988=CARTESIAN_POINT('',(-1.04682714037154,-24.1422314055492,1.00000000000002));
#4989=CARTESIAN_POINT('Origin',(-3.44682714037154,-24.1422314055492,1.00000000000002));
#4990=CARTESIAN_POINT('',(-1.04682714037125,-5.3922314055492,1.00000000000002));
#4991=CARTESIAN_POINT('Origin',(-3.44682714037125,-5.3922314055492,1.00000000000002));
#4992=CARTESIAN_POINT('Origin',(-10.1949520712427,-23.9831404964582,-1.99999999999998));
#4993=CARTESIAN_POINT('',(-10.5919005965881,-25.4296645606293,4.00000000000002));
#4994=CARTESIAN_POINT('',(-10.5919005965881,-25.4296645606293,-1.99999999999998));
#4995=CARTESIAN_POINT('',(-8.69536875327132,-24.0184940318117,4.00000000000002));
#4996=CARTESIAN_POINT('Origin',(-10.1949520712427,-23.9831404964582,4.00000000000002));
#4997=CARTESIAN_POINT('',(-8.69536875327132,-24.0184940318117,-1.99999999999998));
#4998=CARTESIAN_POINT('Origin',(-3.44682714037115,0.607768594450802,-1.99999999999998));
#4999=CARTESIAN_POINT('',(-30.0366364717007,-4.08073220255666,3.99999999999995));
#5000=CARTESIAN_POINT('',(-30.0366364717007,-4.08073220255667,0.999999999999988));
#5001=CARTESIAN_POINT('Origin',(-3.44682714037115,0.607768594450802,4.00000000000002));
#5002=CARTESIAN_POINT('Origin',(-28.5594248421824,-3.82025993605626,0.999999999999988));
#5003=CARTESIAN_POINT('',(-27.0822132126641,-3.55978766955586,3.99999999999995));
#5004=CARTESIAN_POINT('',(-27.0822132126641,-3.55978766955586,-1.99999999999998));
#5005=CARTESIAN_POINT('Origin',(-28.5594248421824,-3.82025993605626,3.99999999999995));
#5006=CARTESIAN_POINT('Origin',(-3.44682714037115,0.607768594450801,0.999999999999988));
#5007=CARTESIAN_POINT('',(-18.8737297728484,-17.7772980404045,3.99999999999995));
#5008=CARTESIAN_POINT('',(-18.8737297728484,-17.7772980404045,-1.99999999999998));
#5009=CARTESIAN_POINT('Origin',(-3.44682714037116,0.607768594450798,3.99999999999995));
#5010=CARTESIAN_POINT('Origin',(-16.9453669437887,-15.4791647110476,0.999999999999988));
#5011=CARTESIAN_POINT('',(-15.017004114729,-13.1810313816906,3.99999999999995));
#5012=CARTESIAN_POINT('',(-15.017004114729,-13.1810313816906,-1.99999999999998));
#5013=CARTESIAN_POINT('Origin',(-16.9453669437887,-15.4791647110476,3.99999999999995));
#5014=CARTESIAN_POINT('Origin',(-3.44682714037115,0.607768594450802,0.999999999999988));
#5015=CARTESIAN_POINT('',(-21.1733666945908,-2.51789860355416,3.99999999999995));
#5016=CARTESIAN_POINT('',(-21.1733666945908,-2.51789860355416,-1.99999999999998));
#5017=CARTESIAN_POINT('Origin',(-3.44682714037114,0.607768594450804,3.99999999999992));
#5018=CARTESIAN_POINT('Origin',(-19.6961550650726,-2.25742633705377,0.999999999999988));
#5019=CARTESIAN_POINT('',(-18.2189434394356,-1.99695404854121,3.99999999999995));
#5020=CARTESIAN_POINT('',(-18.2189434394356,-1.9969540485412,-1.99999999999998));
#5021=CARTESIAN_POINT('Origin',(-19.6961550650726,-2.25742633705377,3.99999999999995));
#5022=CARTESIAN_POINT('Origin',(-3.44682714037114,0.607768594450803,0.999999999999988));
#5023=CARTESIAN_POINT('',(-13.0886413027918,-10.8828980379664,3.99999999999995));
#5024=CARTESIAN_POINT('',(-13.0886413027918,-10.8828980379664,-1.99999999999998));
#5025=CARTESIAN_POINT('Origin',(-3.44682714037113,0.607768594450807,3.99999999999995));
#5026=CARTESIAN_POINT('Origin',(-11.1602784566098,-8.58476472297682,0.999999999999988));
#5027=CARTESIAN_POINT('',(-8.54133540411802,-10.0480272721476,3.99999999999995));
#5028=CARTESIAN_POINT('',(-8.54133540411802,-10.0480272721476,-1.99999999999998));
#5029=CARTESIAN_POINT('Origin',(-11.1602784566098,-8.58476472297682,3.99999999999995));
#5030=CARTESIAN_POINT('Origin',(-7.23186387787218,-10.7796585467329,-1.99999999999998));
#5031=CARTESIAN_POINT('',(-6.75873428568455,-9.35623015408495,4.00000000000002));
#5032=CARTESIAN_POINT('',(-6.75873428568455,-9.35623015408495,-1.99999999999998));
#5033=CARTESIAN_POINT('Origin',(-7.23186387787218,-10.7796585467329,4.00000000000002));
#5034=CARTESIAN_POINT('Origin',(-3.44682714037115,0.607768594450802,-1.99999999999998));
#5035=CARTESIAN_POINT('',(6.89365428074231,-1.2155371889016,3.99999999999995));
#5036=CARTESIAN_POINT('',(6.89365426625696,-1.21553727105211,0.999999999999988));
#5037=CARTESIAN_POINT('Origin',(-3.44682714037115,0.607768594450802,4.00000000000002));
#5038=CARTESIAN_POINT('Origin',(-21.3691166498163,18.7472707579511,-1.99999999999998));
#5039=CARTESIAN_POINT('',(-22.4233689739013,19.8143002969806,4.00000000000002));
#5040=CARTESIAN_POINT('',(-22.4233689739013,19.8143002969806,-1.99999999999998));
#5041=CARTESIAN_POINT('',(-22.1495253685317,17.4662702771734,4.00000000000002));
#5042=CARTESIAN_POINT('Origin',(-21.3691166498163,18.7472707579511,4.00000000000002));
#5043=CARTESIAN_POINT('',(-22.1495253685317,17.4662702771734,-1.99999999999998));
#5044=CARTESIAN_POINT('Origin',(-3.44682714037115,0.607768594450802,-1.99999999999998));
#5045=CARTESIAN_POINT('',(5.78771672942156,25.9794693556704,3.99999999999995));
#5046=CARTESIAN_POINT('',(5.78771672942156,25.9794693556704,0.999999999999988));
#5047=CARTESIAN_POINT('Origin',(-3.44682714037115,0.607768594450802,4.00000000000002));
#5048=CARTESIAN_POINT('Origin',(5.27468651443308,24.5699304244916,0.999999999999988));
#5049=CARTESIAN_POINT('',(4.76165629944461,23.1603914933128,3.99999999999995));
#5050=CARTESIAN_POINT('',(4.7616562994446,23.1603914933127,-1.99999999999998));
#5051=CARTESIAN_POINT('Origin',(5.27468651443308,24.5699304244916,3.99999999999995));
#5052=CARTESIAN_POINT('Origin',(-3.44682714037115,0.607768594450802,0.999999999999988));
#5053=CARTESIAN_POINT('',(-11.6553105801869,23.1603914933128,3.99999999999995));
#5054=CARTESIAN_POINT('',(-11.6553105801869,23.1603914933127,-1.99999999999998));
#5055=CARTESIAN_POINT('Origin',(-3.44682714037115,0.607768594450812,3.99999999999995));
#5056=CARTESIAN_POINT('Origin',(-10.6292501502099,20.341313630955,0.999999999999988));
#5057=CARTESIAN_POINT('',(-9.60318972023293,17.5222357685972,3.99999999999995));
#5058=CARTESIAN_POINT('',(-9.60318972023293,17.5222357685972,-1.99999999999998));
#5059=CARTESIAN_POINT('Origin',(-10.6292501502099,20.341313630955,3.99999999999995));
#5060=CARTESIAN_POINT('Origin',(-3.44682714037115,0.607768594450802,0.999999999999988));
#5061=CARTESIAN_POINT('',(2.70953543949066,17.5222357685972,3.99999999999995));
#5062=CARTESIAN_POINT('',(2.70953543949066,17.5222357685972,-1.99999999999998));
#5063=CARTESIAN_POINT('Origin',(-3.44682714037115,0.607768594450792,3.99999999999992));
#5064=CARTESIAN_POINT('Origin',(2.19650522450217,16.1126968374184,0.999999999999988));
#5065=CARTESIAN_POINT('',(1.68347503051746,14.7031578985948,3.99999999999995));
#5066=CARTESIAN_POINT('',(1.68347503051745,14.7031578985948,-1.99999999999998));
#5067=CARTESIAN_POINT('Origin',(2.19650522450217,16.1126968374184,3.99999999999995));
#5068=CARTESIAN_POINT('Origin',(-3.44682714037116,0.607768594450789,0.999999999999988));
#5069=CARTESIAN_POINT('',(-8.57712926925226,14.7031579138843,3.99999999999995));
#5070=CARTESIAN_POINT('',(-8.57712926925226,14.7031579138843,-1.99999999999998));
#5071=CARTESIAN_POINT('Origin',(-3.44682714037116,0.607768594450782,3.99999999999995));
#5072=CARTESIAN_POINT('Origin',(-7.55106886027901,11.8840800438818,0.999999999999988));
#5073=CARTESIAN_POINT('',(-10.1277629265131,10.3476401039445,3.99999999999995));
#5074=CARTESIAN_POINT('',(-10.1277629265131,10.3476401039445,-1.99999999999998));
#5075=CARTESIAN_POINT('Origin',(-7.55106886027901,11.8840800438818,3.99999999999995));
#5076=CARTESIAN_POINT('Origin',(-11.4161099596301,9.57942013397592,-1.99999999999998));
#5077=CARTESIAN_POINT('',(-10.4199496072228,8.45796369153528,4.00000000000002));
#5078=CARTESIAN_POINT('',(-10.4199496072228,8.45796369153528,-1.99999999999998));
#5079=CARTESIAN_POINT('Origin',(-11.4161099596301,9.57942013397592,4.00000000000002));
#5080=CARTESIAN_POINT('Origin',(-3.44682714037115,0.607768594450802,-1.99999999999998));
#5081=CARTESIAN_POINT('',(-10.1960969781781,-7.43569811191827,3.99999999999995));
#5082=CARTESIAN_POINT('',(-10.1960970420799,-7.43569805829834,0.999999999999988));
#5083=CARTESIAN_POINT('Origin',(-3.44682714037115,0.607768594450802,4.00000000000002));
#5084=CARTESIAN_POINT('Origin',(21.2235872999455,7.05917552185945,-1.99999999999998));
#5085=CARTESIAN_POINT('',(22.6747881493759,7.43867004700113,4.00000000000002));
#5086=CARTESIAN_POINT('',(22.6747881493759,7.43867004700114,-1.99999999999998));
#5087=CARTESIAN_POINT('',(20.5044127006896,8.37552953799079,4.00000000000002));
#5088=CARTESIAN_POINT('Origin',(21.2235872999455,7.05917552185945,4.00000000000002));
#5089=CARTESIAN_POINT('',(20.5044127006896,8.37552953799079,-1.99999999999998));
#5090=CARTESIAN_POINT('Origin',(-3.44682714037115,0.607768594450802,-1.99999999999998));
#5091=CARTESIAN_POINT('',(13.9084383211657,-20.0754313697614,3.99999999999995));
#5092=CARTESIAN_POINT('',(13.9084383211657,-20.0754313697614,0.999999999999988));
#5093=CARTESIAN_POINT('Origin',(-3.44682714037115,0.607768594450802,4.00000000000002));
#5094=CARTESIAN_POINT('Origin',(12.9442569066359,-18.9263647050829,0.999999999999988));
#5095=CARTESIAN_POINT('',(11.9800754921061,-17.7772980404045,3.99999999999995));
#5096=CARTESIAN_POINT('',(11.9800754921061,-17.7772980404045,-1.99999999999998));
#5097=CARTESIAN_POINT('Origin',(12.9442569066359,-18.9263647050829,3.99999999999995));
#5098=CARTESIAN_POINT('Origin',(-3.44682714037115,0.607768594450804,0.999999999999988));
#5099=CARTESIAN_POINT('',(20.1885589319218,-3.55978766955587,3.99999999999995));
#5100=CARTESIAN_POINT('',(20.1885589319218,-3.55978766955587,-1.99999999999998));
#5101=CARTESIAN_POINT('Origin',(-3.44682714037114,0.607768594450796,3.99999999999995));
#5102=CARTESIAN_POINT('Origin',(17.2341356728852,-3.03884313655504,0.999999999999988));
#5103=CARTESIAN_POINT('',(14.2797124138485,-2.5178986035542,3.99999999999995));
#5104=CARTESIAN_POINT('',(14.2797124138485,-2.51789860355421,-1.99999999999998));
#5105=CARTESIAN_POINT('Origin',(17.2341356728852,-3.03884313655504,3.99999999999995));
#5106=CARTESIAN_POINT('Origin',(-3.44682714037115,0.607768594450802,0.999999999999988));
#5107=CARTESIAN_POINT('',(8.1233498339867,-13.1810313816906,3.99999999999995));
#5108=CARTESIAN_POINT('',(8.12334983398671,-13.1810313816906,-1.99999999999998));
#5109=CARTESIAN_POINT('Origin',(-3.44682714037116,0.60776859445081,3.99999999999992));
#5110=CARTESIAN_POINT('Origin',(7.15916841945692,-12.0319647170122,0.999999999999988));
#5111=CARTESIAN_POINT('',(6.1949869878047,-10.8828980667012,3.99999999999995));
#5112=CARTESIAN_POINT('',(6.1949869878047,-10.8828980667012,-1.99999999999998));
#5113=CARTESIAN_POINT('Origin',(7.15916841945692,-12.0319647170122,3.99999999999995));
#5114=CARTESIAN_POINT('Origin',(-3.44682714037116,0.607768594450815,0.999999999999988));
#5115=CARTESIAN_POINT('',(11.3252891509306,-1.99695409256552,3.99999999999995));
#5116=CARTESIAN_POINT('',(11.3252891509306,-1.99695409256552,-1.99999999999998));
#5117=CARTESIAN_POINT('Origin',(-3.44682714037117,0.607768594450817,3.99999999999995));
#5118=CARTESIAN_POINT('Origin',(8.37086589577531,-1.47600953755253,0.999999999999988));
#5119=CARTESIAN_POINT('',(8.32861690951768,1.52369295155544,3.99999999999995));
#5120=CARTESIAN_POINT('',(8.32861690951768,1.52369295155543,-1.99999999999998));
#5121=CARTESIAN_POINT('Origin',(8.37086589577531,-1.47600953755253,3.99999999999995));
#5122=CARTESIAN_POINT('Origin',(8.30749241638887,3.02354419610939,-1.99999999999998));
#5123=CARTESIAN_POINT('',(6.83820247179387,2.72157224590207,4.00000000000002));
#5124=CARTESIAN_POINT('',(6.83820247179387,2.72157224590207,-1.99999999999998));
#5125=CARTESIAN_POINT('Origin',(8.30749241638887,3.02354419610939,4.00000000000002));
#5126=CARTESIAN_POINT('Origin',(-3.44682714037115,0.607768594450802,-1.99999999999998));
#5127=CARTESIAN_POINT('',(-7.03803872367762,10.4745410841723,3.99999999999995));
#5128=CARTESIAN_POINT('',(-7.03803864529052,10.4745411127028,0.999999999999988));
#5129=CARTESIAN_POINT('Origin',(-3.44682714037115,0.607768594450802,4.00000000000002));
#5130=CARTESIAN_POINT('Origin',(-3.44682714037115,0.607768594450802,4.00000000000002));
#5131=CARTESIAN_POINT('',(-33.4468271403712,0.607768594450798,4.00000000000002));
#5132=CARTESIAN_POINT('Origin',(-3.44682714037115,0.607768594450802,4.00000000000002));
#5133=CARTESIAN_POINT('',(-8.06409903326001,13.2936189903501,3.99999999999995));
#5134=CARTESIAN_POINT('Origin',(-7.55106886027901,11.8840800438818,3.99999999999995));
#5135=CARTESIAN_POINT('',(1.17044483653273,13.2936189597712,3.99999999999995));
#5136=CARTESIAN_POINT('Origin',(-3.44682714037115,0.60776859445077,3.99999999999995));
#5137=CARTESIAN_POINT('',(3.22256565447915,18.9317746997761,3.99999999999995));
#5138=CARTESIAN_POINT('Origin',(2.19650522450217,16.1126968374184,3.99999999999995));
#5139=CARTESIAN_POINT('',(-10.1162199352214,18.9317746997761,3.99999999999995));
#5140=CARTESIAN_POINT('Origin',(-3.44682714037114,0.607768594450949,3.99999999999992));
#5141=CARTESIAN_POINT('',(-11.1422803651984,21.7508525621339,3.99999999999995));
#5142=CARTESIAN_POINT('Origin',(-10.6292501502099,20.341313630955,3.99999999999995));
#5143=CARTESIAN_POINT('',(4.24862608445611,21.7508525621339,3.99999999999995));
#5144=CARTESIAN_POINT('Origin',(-3.44682714037115,0.607768594450852,3.99999999999995));
#5145=CARTESIAN_POINT('',(7.99223427113074,23.2991298146132,3.99999999999995));
#5146=CARTESIAN_POINT('Origin',(5.27468651443308,24.5699304244916,3.99999999999995));
#5147=CARTESIAN_POINT('',(10.1038219900591,23.9611389752753,4.00000000000002));
#5148=CARTESIAN_POINT('Origin',(9.3510081494796,22.6637295096739,4.00000000000002));
#5149=CARTESIAN_POINT('',(15.5297146931596,19.81430029698,4.00000000000002));
#5150=CARTESIAN_POINT('Origin',(-3.44682714037115,0.607768594450802,4.00000000000002));
#5151=CARTESIAN_POINT('',(15.2558710877899,17.4662702771728,4.00000000000002));
#5152=CARTESIAN_POINT('Origin',(14.4754623690745,18.7472707579506,4.00000000000002));
#5153=CARTESIAN_POINT('Origin',(17.9873016032939,12.9827685944505,4.00000000000002));
#5154=CARTESIAN_POINT('',(-12.1244599053844,-9.73383135892048,3.99999999999995));
#5155=CARTESIAN_POINT('Origin',(-11.1602784566098,-8.58476472297682,3.99999999999995));
#5156=CARTESIAN_POINT('',(-16.7417318137986,-1.73648176002862,3.99999999999995));
#5157=CARTESIAN_POINT('Origin',(-3.44682714037113,0.607768594450821,3.99999999999995));
#5158=CARTESIAN_POINT('',(-22.6505783241091,-2.77837087005458,3.99999999999995));
#5159=CARTESIAN_POINT('Origin',(-19.6961550650726,-2.25742633705377,3.99999999999995));
#5160=CARTESIAN_POINT('',(-15.9811855292589,-14.3300980463691,3.99999999999995));
#5161=CARTESIAN_POINT('Origin',(-3.44682714037129,0.607768594450741,3.99999999999992));
#5162=CARTESIAN_POINT('',(-17.9095483583186,-16.628231375726,3.99999999999995));
#5163=CARTESIAN_POINT('Origin',(-16.9453669437887,-15.4791647110476,3.99999999999995));
#5164=CARTESIAN_POINT('',(-25.6050015831458,-3.29931540305544,3.99999999999995));
#5165=CARTESIAN_POINT('Origin',(-3.44682714037119,0.607768594450777,3.99999999999995));
#5166=CARTESIAN_POINT('',(-28.8176531092318,-0.831394237819461,3.99999999999995));
#5167=CARTESIAN_POINT('Origin',(-28.5594248421824,-3.82025993605626,3.99999999999995));
#5168=CARTESIAN_POINT('',(-30.4467637193673,0.666289788760631,4.00000000000002));
#5169=CARTESIAN_POINT('Origin',(-28.9467672427564,0.663038611298974,4.00000000000002));
#5170=CARTESIAN_POINT('',(-29.568442430118,7.43867004700194,4.00000000000002));
#5171=CARTESIAN_POINT('Origin',(-3.44682714037115,0.607768594450802,4.00000000000002));
#5172=CARTESIAN_POINT('',(-27.3980669814316,8.37552953799153,4.00000000000002));
#5173=CARTESIAN_POINT('Origin',(-28.1172415806876,7.05917552186021,4.00000000000002));
#5174=CARTESIAN_POINT('Origin',(-24.8809558840358,12.9827685944511,4.00000000000002));
#5175=CARTESIAN_POINT('',(1.80171447252823,-24.0184940318119,4.00000000000002));
#5176=CARTESIAN_POINT('',(3.69824631584494,-25.4296645606295,4.00000000000002));
#5177=CARTESIAN_POINT('Origin',(3.3012977904996,-23.9831404964584,4.00000000000002));
#5178=CARTESIAN_POINT('Origin',(-3.44682714037154,-24.1422314055492,4.00000000000002));
#5179=CARTESIAN_POINT('',(9.84807751753099,-1.73648184807727,3.99999999999995));
#5180=CARTESIAN_POINT('Origin',(8.37086589577531,-1.47600953755253,3.99999999999995));
#5181=CARTESIAN_POINT('',(5.23080555615245,-9.73383141639015,3.99999999999995));
#5182=CARTESIAN_POINT('Origin',(-3.44682714037118,0.607768594450814,3.99999999999995));
#5183=CARTESIAN_POINT('',(9.08753124851653,-14.3300980463691,3.99999999999995));
#5184=CARTESIAN_POINT('Origin',(7.15916841945692,-12.0319647170122,3.99999999999995));
#5185=CARTESIAN_POINT('',(15.7569240433668,-2.77837087005462,3.99999999999995));
#5186=CARTESIAN_POINT('Origin',(-3.44682714037103,0.607768594450717,3.99999999999992));
#5187=CARTESIAN_POINT('',(18.7113473024035,-3.29931540305545,3.99999999999995));
#5188=CARTESIAN_POINT('Origin',(17.2341356728852,-3.03884313655504,3.99999999999995));
#5189=CARTESIAN_POINT('',(11.0158940775762,-16.628231375726,3.99999999999995));
#5190=CARTESIAN_POINT('Origin',(-3.44682714037111,0.607768594450778,3.99999999999995));
#5191=CARTESIAN_POINT('',(10.4849374169876,-20.6444297934413,3.99999999999995));
#5192=CARTESIAN_POINT('Origin',(12.9442569066359,-18.9263647050829,3.99999999999995));
#5193=CARTESIAN_POINT('',(10.0024603081948,-22.8041229806835,4.00000000000002));
#5194=CARTESIAN_POINT('Origin',(9.25527767216337,-21.5034623376205,4.00000000000002));
#5195=CARTESIAN_POINT('Origin',(-3.44682714037115,0.607768594450802,4.00000000000002));
#5196=CARTESIAN_POINT('',(-22.4809558840358,12.9827685944511,4.00000000000002));
#5197=CARTESIAN_POINT('Origin',(-24.8809558840358,12.9827685944511,4.00000000000002));
#5198=CARTESIAN_POINT('',(-1.04682714037154,-24.1422314055492,4.00000000000002));
#5199=CARTESIAN_POINT('Origin',(-3.44682714037154,-24.1422314055492,4.00000000000002));
#5200=CARTESIAN_POINT('',(-1.04682714037125,-5.3922314055492,4.00000000000002));
#5201=CARTESIAN_POINT('Origin',(-3.44682714037125,-5.3922314055492,4.00000000000002));
#5202=CARTESIAN_POINT('',(-6.24297956307774,3.60776859445089,4.00000000000002));
#5203=CARTESIAN_POINT('Origin',(-8.64297956307773,3.60776859445089,4.00000000000002));
#5204=CARTESIAN_POINT('',(4.14932528233553,3.60776859445072,4.00000000000002));
#5205=CARTESIAN_POINT('Origin',(1.74932528233553,3.60776859445072,4.00000000000002));
#5206=CARTESIAN_POINT('',(20.3873016032939,12.9827685944505,4.00000000000002));
#5207=CARTESIAN_POINT('Origin',(17.9873016032939,12.9827685944505,4.00000000000002));
#5208=CARTESIAN_POINT('Origin',(-3.44682714037154,-24.1422314055492,-1.99999999999998));
#5209=CARTESIAN_POINT('',(1.80171447252823,-24.0184940318119,-1.99999999999998));
#5210=CARTESIAN_POINT('Origin',(-28.9467672427564,0.663038611298974,-1.99999999999998));
#5211=CARTESIAN_POINT('',(-30.4467637193673,0.666289788760631,-1.99999999999998));
#5212=CARTESIAN_POINT('',(-28.8176531092318,-0.831394237819435,-1.99999999999998));
#5213=CARTESIAN_POINT('Origin',(-28.5594248421824,-3.82025993605626,0.999999999999988));
#5214=CARTESIAN_POINT('',(-25.6050015831458,-3.29931540305544,3.99999999999995));
#5215=CARTESIAN_POINT('Origin',(9.25527767216337,-21.5034623376205,-1.99999999999998));
#5216=CARTESIAN_POINT('',(10.0024603081948,-22.8041229806835,-1.99999999999998));
#5217=CARTESIAN_POINT('',(10.4849374169875,-20.6444297934413,-1.99999999999998));
#5218=CARTESIAN_POINT('Origin',(12.9442569066359,-18.9263647050829,0.999999999999988));
#5219=CARTESIAN_POINT('',(11.0158940775762,-16.628231375726,3.99999999999995));
#5220=CARTESIAN_POINT('Origin',(3.3012977904996,-23.9831404964584,-1.99999999999998));
#5221=CARTESIAN_POINT('',(3.69824631584494,-25.4296645606295,-1.99999999999998));
#5222=CARTESIAN_POINT('Origin',(17.9873016032939,12.9827685944505,-1.99999999999998));
#5223=CARTESIAN_POINT('',(15.2558710877899,17.4662702771728,-1.99999999999998));
#5224=CARTESIAN_POINT('Origin',(14.4754623690745,18.7472707579506,-1.99999999999998));
#5225=CARTESIAN_POINT('',(15.5297146931596,19.81430029698,-1.99999999999998));
#5226=CARTESIAN_POINT('Origin',(-28.1172415806876,7.05917552186021,-1.99999999999998));
#5227=CARTESIAN_POINT('',(-27.3980669814316,8.37552953799153,-1.99999999999998));
#5228=CARTESIAN_POINT('',(-29.568442430118,7.43867004700194,-1.99999999999998));
#5229=CARTESIAN_POINT('Origin',(-24.8809558840358,12.9827685944511,-1.99999999999998));
#5230=CARTESIAN_POINT('Origin',(9.3510081494796,22.6637295096739,-1.99999999999998));
#5231=CARTESIAN_POINT('',(10.1038219900591,23.9611389752753,-1.99999999999998));
#5232=CARTESIAN_POINT('',(7.99223427113076,23.2991298146132,-1.99999999999998));
#5233=CARTESIAN_POINT('Origin',(5.27468651443308,24.5699304244916,0.999999999999988));
#5234=CARTESIAN_POINT('',(4.24862608445611,21.7508525621339,3.99999999999995));
#5235=CARTESIAN_POINT('Origin',(-3.44682714037125,-5.3922314055492,1.30000000000002));
#5236=CARTESIAN_POINT('',(-1.04682714037125,-5.3922314055492,1.30000000000002));
#5237=CARTESIAN_POINT('Origin',(-3.44682714037154,-24.1422314055492,1.30000000000002));
#5238=CARTESIAN_POINT('',(-1.04682714037154,-24.1422314055492,1.30000000000002));
#5239=CARTESIAN_POINT('Origin',(-8.64297956307773,3.60776859445089,1.30000000000002));
#5240=CARTESIAN_POINT('',(-6.24297956307774,3.60776859445089,1.30000000000002));
#5241=CARTESIAN_POINT('Origin',(-24.8809558840358,12.9827685944511,1.30000000000002));
#5242=CARTESIAN_POINT('',(-22.4809558840358,12.9827685944511,1.30000000000002));
#5243=CARTESIAN_POINT('Origin',(1.74932528233553,3.60776859445072,1.30000000000002));
#5244=CARTESIAN_POINT('',(4.14932528233553,3.60776859445072,1.30000000000002));
#5245=CARTESIAN_POINT('Origin',(17.9873016032939,12.9827685944505,1.30000000000002));
#5246=CARTESIAN_POINT('',(20.3873016032939,12.9827685944505,1.30000000000002));
#5247=CARTESIAN_POINT('Origin',(-3.44682714037115,0.607768594450802,-1.99999999999998));
#5248=CARTESIAN_POINT('Origin',(8.37086589577531,-1.47600953755253,0.999999999999988));
#5249=CARTESIAN_POINT('',(9.84807751753099,-1.73648184807727,3.99999999999995));
#5250=CARTESIAN_POINT('Origin',(-3.44682714037116,0.607768594450815,0.999999999999988));
#5251=CARTESIAN_POINT('',(5.23080555615245,-9.73383141639015,3.99999999999995));
#5252=CARTESIAN_POINT('Origin',(7.15916841945692,-12.0319647170122,0.999999999999988));
#5253=CARTESIAN_POINT('',(9.08753124851653,-14.3300980463691,3.99999999999995));
#5254=CARTESIAN_POINT('Origin',(-3.44682714037115,0.607768594450804,0.999999999999988));
#5255=CARTESIAN_POINT('',(18.7113473024035,-3.29931540305545,3.99999999999995));
#5256=CARTESIAN_POINT('Origin',(17.2341356728852,-3.03884313655504,0.999999999999988));
#5257=CARTESIAN_POINT('',(15.7569240433668,-2.77837087005463,3.99999999999995));
#5258=CARTESIAN_POINT('Origin',(-3.44682714037115,0.607768594450802,0.999999999999988));
#5259=CARTESIAN_POINT('Origin',(-3.44682714037115,0.607768594450802,-1.99999999999998));
#5260=CARTESIAN_POINT('Origin',(-11.1602784566098,-8.58476472297682,0.999999999999988));
#5261=CARTESIAN_POINT('',(-12.1244599053844,-9.73383135892048,3.99999999999995));
#5262=CARTESIAN_POINT('Origin',(-3.44682714037114,0.607768594450803,0.999999999999988));
#5263=CARTESIAN_POINT('',(-16.7417318137986,-1.73648176002862,3.99999999999995));
#5264=CARTESIAN_POINT('Origin',(-19.6961550650726,-2.25742633705377,0.999999999999988));
#5265=CARTESIAN_POINT('',(-22.6505783241091,-2.77837087005458,3.99999999999995));
#5266=CARTESIAN_POINT('Origin',(-3.44682714037115,0.607768594450801,0.999999999999988));
#5267=CARTESIAN_POINT('',(-17.9095483583185,-16.628231375726,3.99999999999995));
#5268=CARTESIAN_POINT('Origin',(-16.9453669437887,-15.4791647110476,0.999999999999988));
#5269=CARTESIAN_POINT('',(-15.9811855292589,-14.3300980463691,3.99999999999995));
#5270=CARTESIAN_POINT('Origin',(-3.44682714037115,0.607768594450802,0.999999999999988));
#5271=CARTESIAN_POINT('Origin',(-3.44682714037115,0.607768594450802,-1.99999999999998));
#5272=CARTESIAN_POINT('Origin',(-7.55106886027901,11.8840800438818,0.999999999999988));
#5273=CARTESIAN_POINT('',(-8.06409903326001,13.2936189903502,3.99999999999995));
#5274=CARTESIAN_POINT('Origin',(-3.44682714037116,0.607768594450789,0.999999999999988));
#5275=CARTESIAN_POINT('',(1.17044483653273,13.2936189597712,3.99999999999995));
#5276=CARTESIAN_POINT('Origin',(2.19650522450217,16.1126968374184,0.999999999999988));
#5277=CARTESIAN_POINT('',(3.22256565447915,18.9317746997761,3.99999999999995));
#5278=CARTESIAN_POINT('Origin',(-3.44682714037115,0.607768594450802,0.999999999999988));
#5279=CARTESIAN_POINT('',(-11.1422803651984,21.7508525621339,3.99999999999995));
#5280=CARTESIAN_POINT('Origin',(-10.6292501502099,20.341313630955,0.999999999999988));
#5281=CARTESIAN_POINT('',(-10.1162199352214,18.9317746997761,3.99999999999995));
#5282=CARTESIAN_POINT('Origin',(-3.44682714037115,0.607768594450802,0.999999999999988));
#5283=CARTESIAN_POINT('Origin',(-3.44682714037115,0.607768594450802,-1.99999999999998));
#5284=CARTESIAN_POINT('',(-33.4468271403712,0.607768594450798,-1.99999999999998));
#5285=UNCERTAINTY_MEASURE_WITH_UNIT(LENGTH_MEASURE(0.01),#5289,
'DISTANCE_ACCURACY_VALUE',
'Maximum model space distance between geometric entities at asserted c
onnectivities');
#5286=UNCERTAINTY_MEASURE_WITH_UNIT(LENGTH_MEASURE(0.01),#5289,
'DISTANCE_ACCURACY_VALUE',
'Maximum model space distance between geometric entities at asserted c
onnectivities');
#5287=(
GEOMETRIC_REPRESENTATION_CONTEXT(3)
GLOBAL_UNCERTAINTY_ASSIGNED_CONTEXT((#5285))
GLOBAL_UNIT_ASSIGNED_CONTEXT((#5289,#5291,#5292))
REPRESENTATION_CONTEXT('','3D')
);
#5288=(
GEOMETRIC_REPRESENTATION_CONTEXT(3)
GLOBAL_UNCERTAINTY_ASSIGNED_CONTEXT((#5286))
GLOBAL_UNIT_ASSIGNED_CONTEXT((#5289,#5291,#5292))
REPRESENTATION_CONTEXT('','3D')
);
#5289=(
LENGTH_UNIT()
NAMED_UNIT(*)
SI_UNIT(.MILLI.,.METRE.)
);
#5290=(
LENGTH_UNIT()
NAMED_UNIT(*)
SI_UNIT($,.METRE.)
);
#5291=(
NAMED_UNIT(*)
PLANE_ANGLE_UNIT()
SI_UNIT($,.RADIAN.)
);
#5292=(
NAMED_UNIT(*)
SI_UNIT($,.STERADIAN.)
SOLID_ANGLE_UNIT()
);
#5293=SHAPE_DEFINITION_REPRESENTATION(#5294,#5295);
#5294=PRODUCT_DEFINITION_SHAPE('',$,#5297);
#5295=SHAPE_REPRESENTATION('',(#3094),#5287);
#5296=PRODUCT_DEFINITION_CONTEXT('part definition',#5301,'design');
#5297=PRODUCT_DEFINITION('2026-08-05-11-12-08-393','top_magnet holder',
#5298,#5296);
#5298=PRODUCT_DEFINITION_FORMATION('',$,#5303);
#5299=PRODUCT_RELATED_PRODUCT_CATEGORY('top_magnet holder',
'top_magnet holder',(#5303));
#5300=APPLICATION_PROTOCOL_DEFINITION('international standard',
'automotive_design',2009,#5301);
#5301=APPLICATION_CONTEXT(
'Core Data for Automotive Mechanical Design Process');
#5302=PRODUCT_CONTEXT('part definition',#5301,'mechanical');
#5303=PRODUCT('2026-08-05-11-12-08-393','top_magnet holder',$,(#5302));
#5304=PRESENTATION_STYLE_ASSIGNMENT((#5306));
#5305=PRESENTATION_STYLE_ASSIGNMENT((#5307));
#5306=SURFACE_STYLE_USAGE(.BOTH.,#5308);
#5307=SURFACE_STYLE_USAGE(.BOTH.,#5309);
#5308=SURFACE_SIDE_STYLE('',(#5310));
#5309=SURFACE_SIDE_STYLE('',(#5311));
#5310=SURFACE_STYLE_FILL_AREA(#5312);
#5311=SURFACE_STYLE_FILL_AREA(#5313);
#5312=FILL_AREA_STYLE('Steel - Satin',(#5314));
#5313=FILL_AREA_STYLE('ABS (White)',(#5315));
#5314=FILL_AREA_STYLE_COLOUR('Steel - Satin',#5316);
#5315=FILL_AREA_STYLE_COLOUR('ABS (White)',#5317);
#5316=COLOUR_RGB('Steel - Satin',0.627450980392157,0.627450980392157,0.627450980392157);
#5317=COLOUR_RGB('ABS (White)',0.,0.,0.);
ENDSEC;
END-ISO-10303-21;
